2025-11-21 18:15:38,536 - Knowledge - INFO - Created shared MongoDB connection pool
2025-11-21 18:15:38,537 - Knowledge - INFO - Starting Knowledge Graph processing with 20 threads
2025-11-21 18:15:38,537 - Knowledge - INFO - Initial configuration: chunk_size=65536, max_cache_size=500
2025-11-21 18:15:38,537 - Knowledge - INFO - Knowledge Graph concurrency configuration: workers=20, max_batch_size=25, max_concurrent_llm_calls=50
2025-11-21 18:15:39,567 - Knowledge - INFO - 🔍 _load_persisted_knowledge called - checking for Redis optimization
2025-11-21 18:15:39,567 - Knowledge - WARNING - ❌ load_from_redis method not found - Redis support not attached
2025-11-21 18:15:39,567 - Knowledge - INFO - load persisted knowledge: begin
2025-11-21 18:15:39,567 - Knowledge - INFO - Loaded 0 files from persisted knowledge
2025-11-21 18:15:39,567 - Knowledge - INFO - load persisted knowledge: end
2025-11-21 18:15:39,567 - Knowledge - WARNING - No persisted knowledge found. Files will be queued during start()
2025-11-21 18:15:39,568 - Knowledge - INFO - Redis support added with prefix knowledge:b3548da:
2025-11-21 18:15:39,572 - Knowledge - INFO - Starting knowledge initialization for ID: cCSlSR-b3548da
2025-11-21 18:15:39,572 - Knowledge - INFO - 🔍 Checking Redis for build_id: b3548da
2025-11-21 18:15:39,572 - Knowledge - INFO - 🔍 Full session ID: cCSlSR-b3548da
2025-11-21 18:15:39,572 - Knowledge - INFO - 🔍 Redis prefix will be: knowledge:b3548da:
2025-11-21 18:15:39,572 - Knowledge - INFO - 🔍 Using attached load_from_redis() method
2025-11-21 18:15:39,572 - Knowledge - INFO - 🔍 Attempting to load knowledge from Redis...
2025-11-21 18:15:39,572 - Knowledge - INFO - 🔍 Using derived instance_id for Redis lookup: b3548da
2025-11-21 18:15:39,577 - Knowledge - WARNING - ❌ No Redis cache found
2025-11-21 18:15:39,581 - Knowledge - INFO - 📁 Loading knowledge from disk...
2025-11-21 18:15:39,597 - Knowledge - INFO - load persisted docinfo: begin
2025-11-21 18:15:39,597 - Knowledge - INFO - load persisted docinfo: end
2025-11-21 18:15:39,597 - Knowledge - INFO - 🔍 _load_persisted_knowledge called - checking for Redis optimization
2025-11-21 18:15:39,597 - Knowledge - INFO - ✅ load_from_redis method found - attempting Redis load
2025-11-21 18:15:39,597 - Knowledge - INFO - 🔍 Attempting to load knowledge from Redis...
2025-11-21 18:15:39,597 - Knowledge - INFO - 🔍 Using derived instance_id for Redis lookup: b3548da
2025-11-21 18:15:39,601 - Knowledge - WARNING - ❌ No Redis cache found
2025-11-21 18:15:39,601 - Knowledge - INFO - ❌ Redis load returned False - falling back to file loading
2025-11-21 18:15:39,601 - Knowledge - INFO - load persisted knowledge: begin
2025-11-21 18:15:39,601 - Knowledge - INFO - Loaded 0 files from persisted knowledge
2025-11-21 18:15:39,601 - Knowledge - INFO - load persisted knowledge: end
2025-11-21 18:15:39,601 - Knowledge - INFO - 📁 Disk load complete in 0.02s
2025-11-21 18:15:39,601 - Knowledge - INFO - Populating ingest queue with source files...
2025-11-21 18:15:39,605 - Knowledge - INFO - Added 139 files from /Users/veera/Documents/kavia-backend/graphnode-backend-api/data/rdk7542/223437/b3548da/axios-223437 to ingest queue
2025-11-21 18:15:39,605 - Knowledge - INFO - Worker kw1 created using shared MongoDB connection pool
2025-11-21 18:15:39,605 - Knowledge - INFO - knowledge worker kw1 start
2025-11-21 18:15:39,605 - Knowledge - INFO - Worker kw2 created using shared MongoDB connection pool
2025-11-21 18:15:39,605 - Knowledge - INFO - [kw1] Queue=139, InProgress=0, PendingWorkers=0/1, Completed=0/139 (0.0%)
2025-11-21 18:15:39,605 - Knowledge - INFO - knowledge worker kw2 start
2025-11-21 18:15:39,605 - Knowledge - INFO - Batch sizing: calculated=12, max_allowed=25, queue=139, active_workers=0/1
2025-11-21 18:15:39,605 - Knowledge - INFO - Worker kw3 created using shared MongoDB connection pool
2025-11-21 18:15:39,606 - Knowledge - INFO - [kw2] Queue=139, InProgress=0, PendingWorkers=0/2, Completed=0/139 (0.0%)
2025-11-21 18:15:39,606 - Knowledge - INFO - Worker kw1 processing /Users/veera/Documents/kavia-backend/graphnode-backend-api/data/rdk7542/223437/b3548da/axios-223437/Gruntfile.js
2025-11-21 18:15:39,606 - Knowledge - INFO - knowledge worker kw3 start
2025-11-21 18:15:39,606 - Knowledge - INFO - Batch sizing: calculated=12, max_allowed=25, queue=139, active_workers=1/2
2025-11-21 18:15:39,606 - Knowledge - INFO - Worker kw4 created using shared MongoDB connection pool
2025-11-21 18:15:39,606 - Knowledge - INFO - Worker kw1 processing /Users/veera/Documents/kavia-backend/graphnode-backend-api/data/rdk7542/223437/b3548da/axios-223437/CODE_OF_CONDUCT.md
2025-11-21 18:15:39,606 - Knowledge - INFO - [kw3] Queue=115, InProgress=0, PendingWorkers=2/3, Completed=0/139 (0.0%)
2025-11-21 18:15:39,606 - Knowledge - INFO - Worker kw2 processing /Users/veera/Documents/kavia-backend/graphnode-backend-api/data/rdk7542/223437/b3548da/axios-223437/test/specs/xsrf.spec.js
2025-11-21 18:15:39,606 - Knowledge - INFO - knowledge worker kw4 start
2025-11-21 18:15:39,606 - Knowledge - INFO - Worker kw5 created using shared MongoDB connection pool
2025-11-21 18:15:39,607 - Knowledge - INFO - Fast-tracked /Users/veera/Documents/kavia-backend/graphnode-backend-api/data/rdk7542/223437/b3548da/axios-223437/CODE_OF_CONDUCT.md (ext=.md, size=5491)
2025-11-21 18:15:39,607 - Knowledge - INFO - Batch sizing: calculated=12, max_allowed=25, queue=115, active_workers=2/4
2025-11-21 18:15:39,607 - Knowledge - INFO - Fast-tracked /Users/veera/Documents/kavia-backend/graphnode-backend-api/data/rdk7542/223437/b3548da/axios-223437/test/specs/xsrf.spec.js (ext=.js, size=2281)
2025-11-21 18:15:39,607 - Knowledge - INFO - knowledge worker kw5 start
2025-11-21 18:15:39,607 - Knowledge - INFO - Worker kw6 created using shared MongoDB connection pool
2025-11-21 18:15:39,607 - Knowledge - INFO - Worker kw1 processing /Users/veera/Documents/kavia-backend/graphnode-backend-api/data/rdk7542/223437/b3548da/axios-223437/test/unit/utils/isFormData.js
2025-11-21 18:15:39,607 - Knowledge - INFO - [kw4] Queue=115, InProgress=0, PendingWorkers=2/5, Completed=0/139 (0.0%)
2025-11-21 18:15:39,607 - Knowledge - INFO - Worker kw2 processing /Users/veera/Documents/kavia-backend/graphnode-backend-api/data/rdk7542/223437/b3548da/axios-223437/test/specs/core/transformData.spec.js
2025-11-21 18:15:39,607 - Knowledge - INFO - Worker kw3 processing /Users/veera/Documents/kavia-backend/graphnode-backend-api/data/rdk7542/223437/b3548da/axios-223437/test/specs/utils/trim.spec.js
2025-11-21 18:15:39,607 - Knowledge - INFO - [kw5] Queue=103, InProgress=0, PendingWorkers=3/5, Completed=0/139 (0.0%)
2025-11-21 18:15:39,607 - Knowledge - INFO - Fast-tracked /Users/veera/Documents/kavia-backend/graphnode-backend-api/data/rdk7542/223437/b3548da/axios-223437/test/unit/utils/isFormData.js (ext=.js, size=443)
2025-11-21 18:15:39,607 - Knowledge - INFO - knowledge worker kw6 start
2025-11-21 18:15:39,607 - Knowledge - INFO - Worker kw7 created using shared MongoDB connection pool
2025-11-21 18:15:39,607 - Knowledge - INFO - Batch sizing: calculated=12, max_allowed=25, queue=115, active_workers=3/6
2025-11-21 18:15:39,608 - Knowledge - INFO - Fast-tracked /Users/veera/Documents/kavia-backend/graphnode-backend-api/data/rdk7542/223437/b3548da/axios-223437/test/specs/utils/trim.spec.js (ext=.js, size=272)
2025-11-21 18:15:39,608 - Knowledge - INFO - Fast-tracked /Users/veera/Documents/kavia-backend/graphnode-backend-api/data/rdk7542/223437/b3548da/axios-223437/test/specs/core/transformData.spec.js (ext=.js, size=1294)
2025-11-21 18:15:39,608 - Knowledge - INFO - Batch sizing: calculated=12, max_allowed=25, queue=103, active_workers=3/6
2025-11-21 18:15:39,608 - Knowledge - INFO - Worker kw1 processing /Users/veera/Documents/kavia-backend/graphnode-backend-api/data/rdk7542/223437/b3548da/axios-223437/test/unit/adapters/http.js
2025-11-21 18:15:39,608 - Knowledge - INFO - [kw6] Queue=103, InProgress=0, PendingWorkers=3/6, Completed=0/139 (0.0%)
2025-11-21 18:15:39,608 - Knowledge - INFO - knowledge worker kw7 start
2025-11-21 18:15:39,608 - Knowledge - INFO - Worker kw8 created using shared MongoDB connection pool
2025-11-21 18:15:39,608 - Knowledge - INFO - Worker kw3 processing /Users/veera/Documents/kavia-backend/graphnode-backend-api/data/rdk7542/223437/b3548da/axios-223437/test/specs/utils/toArray.js
2025-11-21 18:15:39,608 - Knowledge - INFO - Worker kw4 processing /Users/veera/Documents/kavia-backend/graphnode-backend-api/data/rdk7542/223437/b3548da/axios-223437/test/specs/interceptors.spec.js
2025-11-21 18:15:39,608 - Knowledge - INFO - Worker kw2 processing /Users/veera/Documents/kavia-backend/graphnode-backend-api/data/rdk7542/223437/b3548da/axios-223437/test/specs/core/buildFullPath.spec.js
2025-11-21 18:15:39,608 - Knowledge - INFO - Batch sizing: calculated=12, max_allowed=25, queue=103, active_workers=5/7
2025-11-21 18:15:39,608 - Knowledge - INFO - Fast-tracked /Users/veera/Documents/kavia-backend/graphnode-backend-api/data/rdk7542/223437/b3548da/axios-223437/test/unit/adapters/http.js (ext=.js, size=47689)
2025-11-21 18:15:39,608 - Knowledge - INFO - Worker kw5 processing /Users/veera/Documents/kavia-backend/graphnode-backend-api/data/rdk7542/223437/b3548da/axios-223437/test/specs/helpers/toFormData.spec.js
2025-11-21 18:15:39,608 - Knowledge - INFO - [kw7] Queue=79, InProgress=0, PendingWorkers=5/7, Completed=0/139 (0.0%)
2025-11-21 18:15:39,608 - Knowledge - INFO - knowledge worker kw8 start
2025-11-21 18:15:39,608 - Knowledge - INFO - Worker kw9 created using shared MongoDB connection pool
2025-11-21 18:15:39,609 - Knowledge - INFO - Fast-tracked /Users/veera/Documents/kavia-backend/graphnode-backend-api/data/rdk7542/223437/b3548da/axios-223437/test/specs/utils/toArray.js (ext=.js, size=315)
2025-11-21 18:15:39,609 - Knowledge - INFO - Fast-tracked /Users/veera/Documents/kavia-backend/graphnode-backend-api/data/rdk7542/223437/b3548da/axios-223437/test/specs/interceptors.spec.js (ext=.js, size=17198)
2025-11-21 18:15:39,609 - Knowledge - INFO - Fast-tracked /Users/veera/Documents/kavia-backend/graphnode-backend-api/data/rdk7542/223437/b3548da/axios-223437/test/specs/core/buildFullPath.spec.js (ext=.js, size=816)
2025-11-21 18:15:39,609 - Knowledge - INFO - Worker kw1 processing /Users/veera/Documents/kavia-backend/graphnode-backend-api/data/rdk7542/223437/b3548da/axios-223437/test/unit/defaults/transformReponse.js
2025-11-21 18:15:39,609 - Knowledge - INFO - Worker kw6 processing /Users/veera/Documents/kavia-backend/graphnode-backend-api/data/rdk7542/223437/b3548da/axios-223437/CHANGELOG.md
2025-11-21 18:15:39,609 - Knowledge - INFO - Fast-tracked /Users/veera/Documents/kavia-backend/graphnode-backend-api/data/rdk7542/223437/b3548da/axios-223437/test/specs/helpers/toFormData.spec.js (ext=.js, size=3572)
2025-11-21 18:15:39,609 - Knowledge - INFO - Batch sizing: calculated=10, max_allowed=25, queue=79, active_workers=6/8
2025-11-21 18:15:39,609 - Knowledge - INFO - [kw8] Queue=67, InProgress=0, PendingWorkers=6/8, Completed=0/139 (0.0%)
2025-11-21 18:15:39,609 - Knowledge - INFO - knowledge worker kw9 start
2025-11-21 18:15:39,609 - Knowledge - INFO - Worker kw3 processing /Users/veera/Documents/kavia-backend/graphnode-backend-api/data/rdk7542/223437/b3548da/axios-223437/test/specs/utils/extend.spec.js
2025-11-21 18:15:39,609 - Knowledge - INFO - Worker kw10 created using shared MongoDB connection pool
2025-11-21 18:15:39,609 - Knowledge - INFO - Worker kw4 processing /Users/veera/Documents/kavia-backend/graphnode-backend-api/data/rdk7542/223437/b3548da/axios-223437/test/specs/transform.spec.js
2025-11-21 18:15:39,609 - Knowledge - INFO - Worker kw2 processing /Users/veera/Documents/kavia-backend/graphnode-backend-api/data/rdk7542/223437/b3548da/axios-223437/test/specs/core/mergeConfig.spec.js
2025-11-21 18:15:39,609 - Knowledge - INFO - Worker kw5 processing /Users/veera/Documents/kavia-backend/graphnode-backend-api/data/rdk7542/223437/b3548da/axios-223437/test/specs/helpers/normalizeHeaderName.spec.js
2025-11-21 18:15:39,609 - Knowledge - INFO - Fast-tracked /Users/veera/Documents/kavia-backend/graphnode-backend-api/data/rdk7542/223437/b3548da/axios-223437/test/unit/defaults/transformReponse.js (ext=.js, size=1350)
2025-11-21 18:15:39,609 - Knowledge - INFO - Fast-tracked /Users/veera/Documents/kavia-backend/graphnode-backend-api/data/rdk7542/223437/b3548da/axios-223437/CHANGELOG.md (ext=.md, size=54292)
2025-11-21 18:15:39,610 - Knowledge - INFO - Batch sizing: calculated=10, max_allowed=25, queue=67, active_workers=7/9
2025-11-21 18:15:39,610 - Knowledge - INFO - Worker kw7 processing /Users/veera/Documents/kavia-backend/graphnode-backend-api/data/rdk7542/223437/b3548da/axios-223437/CONTRIBUTING.md
2025-11-21 18:15:39,610 - Knowledge - INFO - [kw9] Queue=57, InProgress=0, PendingWorkers=7/9, Completed=0/139 (0.0%)
2025-11-21 18:15:39,610 - Knowledge - INFO - knowledge worker kw10 start
2025-11-21 18:15:39,610 - Knowledge - INFO - Fast-tracked /Users/veera/Documents/kavia-backend/graphnode-backend-api/data/rdk7542/223437/b3548da/axios-223437/test/specs/utils/extend.spec.js (ext=.js, size=729)
2025-11-21 18:15:39,610 - Knowledge - INFO - Worker kw11 created using shared MongoDB connection pool
2025-11-21 18:15:39,610 - Knowledge - INFO - Fast-tracked /Users/veera/Documents/kavia-backend/graphnode-backend-api/data/rdk7542/223437/b3548da/axios-223437/test/specs/transform.spec.js (ext=.js, size=4832)
2025-11-21 18:15:39,610 - Knowledge - INFO - Fast-tracked /Users/veera/Documents/kavia-backend/graphnode-backend-api/data/rdk7542/223437/b3548da/axios-223437/test/specs/core/mergeConfig.spec.js (ext=.js, size=12264)
2025-11-21 18:15:39,610 - Knowledge - INFO - Worker kw1 processing /Users/veera/Documents/kavia-backend/graphnode-backend-api/data/rdk7542/223437/b3548da/axios-223437/test/unit/regression/SNYK-JS-AXIOS-1038255.js
2025-11-21 18:15:39,610 - Knowledge - INFO - Fast-tracked /Users/veera/Documents/kavia-backend/graphnode-backend-api/data/rdk7542/223437/b3548da/axios-223437/test/specs/helpers/normalizeHeaderName.spec.js (ext=.js, size=713)
2025-11-21 18:15:39,610 - Knowledge - INFO - Worker kw6 processing /Users/veera/Documents/kavia-backend/graphnode-backend-api/data/rdk7542/223437/b3548da/axios-223437/index.js
2025-11-21 18:15:39,610 - Knowledge - INFO - Fast-tracked /Users/veera/Documents/kavia-backend/graphnode-backend-api/data/rdk7542/223437/b3548da/axios-223437/CONTRIBUTING.md (ext=.md, size=1784)
2025-11-21 18:15:39,610 - Knowledge - INFO - Batch sizing: calculated=10, max_allowed=25, queue=57, active_workers=8/10
2025-11-21 18:15:39,610 - Knowledge - INFO - Worker kw8 processing /Users/veera/Documents/kavia-backend/graphnode-backend-api/data/rdk7542/223437/b3548da/axios-223437/examples/amd/index.html
2025-11-21 18:15:39,610 - Knowledge - INFO - Worker kw3 processing /Users/veera/Documents/kavia-backend/graphnode-backend-api/data/rdk7542/223437/b3548da/axios-223437/test/specs/utils/merge.spec.js
2025-11-21 18:15:39,610 - Knowledge - INFO - [kw10] Queue=47, InProgress=0, PendingWorkers=8/10, Completed=0/139 (0.0%)
2025-11-21 18:15:39,611 - Knowledge - INFO - knowledge worker kw11 start
2025-11-21 18:15:39,611 - Knowledge - INFO - Worker kw4 processing /Users/veera/Documents/kavia-backend/graphnode-backend-api/data/rdk7542/223437/b3548da/axios-223437/test/specs/helpers/buildURL.spec.js
2025-11-21 18:15:39,611 - Knowledge - INFO - Worker kw12 created using shared MongoDB connection pool
2025-11-21 18:15:39,611 - Knowledge - INFO - Fast-tracked /Users/veera/Documents/kavia-backend/graphnode-backend-api/data/rdk7542/223437/b3548da/axios-223437/test/specs/helpers/buildURL.spec.js (ext=.js, size=1713)
2025-11-21 18:15:39,611 - Knowledge - INFO - Fast-tracked /Users/veera/Documents/kavia-backend/graphnode-backend-api/data/rdk7542/223437/b3548da/axios-223437/test/unit/regression/SNYK-JS-AXIOS-1038255.js (ext=.js, size=1659)
2025-11-21 18:15:39,611 - Knowledge - INFO - Worker kw5 processing /Users/veera/Documents/kavia-backend/graphnode-backend-api/data/rdk7542/223437/b3548da/axios-223437/test/specs/helpers/formDataToJSON.spec.js
2025-11-21 18:15:39,611 - Knowledge - INFO - Fast-tracked /Users/veera/Documents/kavia-backend/graphnode-backend-api/data/rdk7542/223437/b3548da/axios-223437/index.js (ext=.js, size=40)
2025-11-21 18:15:39,611 - Knowledge - INFO - Worker kw7 processing /Users/veera/Documents/kavia-backend/graphnode-backend-api/data/rdk7542/223437/b3548da/axios-223437/karma.conf.js
2025-11-21 18:15:39,611 - Knowledge - INFO - Fast-tracked /Users/veera/Documents/kavia-backend/graphnode-backend-api/data/rdk7542/223437/b3548da/axios-223437/examples/amd/index.html (ext=.html, size=1009)
2025-11-21 18:15:39,611 - Knowledge - INFO - Worker kw9 processing /Users/veera/Documents/kavia-backend/graphnode-backend-api/data/rdk7542/223437/b3548da/axios-223437/lib/core/AxiosError.js
2025-11-21 18:15:39,611 - Knowledge - INFO - Fast-tracked /Users/veera/Documents/kavia-backend/graphnode-backend-api/data/rdk7542/223437/b3548da/axios-223437/test/specs/utils/merge.spec.js (ext=.js, size=2205)
2025-11-21 18:15:39,611 - Knowledge - INFO - Batch sizing: calculated=10, max_allowed=25, queue=47, active_workers=9/11
2025-11-21 18:15:39,611 - Knowledge - INFO - [kw11] Queue=37, InProgress=0, PendingWorkers=9/11, Completed=0/139 (0.0%)
2025-11-21 18:15:39,611 - Knowledge - INFO - knowledge worker kw12 start
2025-11-21 18:15:39,611 - Knowledge - INFO - Worker kw2 processing /Users/veera/Documents/kavia-backend/graphnode-backend-api/data/rdk7542/223437/b3548da/axios-223437/test/specs/core/AxiosError.spec.js
2025-11-21 18:15:39,611 - Knowledge - INFO - Worker kw13 created using shared MongoDB connection pool
2025-11-21 18:15:39,611 - Knowledge - INFO - Worker kw4 processing /Users/veera/Documents/kavia-backend/graphnode-backend-api/data/rdk7542/223437/b3548da/axios-223437/test/specs/helpers/validator.spec.js
2025-11-21 18:15:39,612 - Knowledge - INFO - Worker kw1 processing /Users/veera/Documents/kavia-backend/graphnode-backend-api/data/rdk7542/223437/b3548da/axios-223437/test/unit/helpers/parseProtocol.js
2025-11-21 18:15:39,612 - Knowledge - INFO - Fast-tracked /Users/veera/Documents/kavia-backend/graphnode-backend-api/data/rdk7542/223437/b3548da/axios-223437/test/specs/helpers/formDataToJSON.spec.js (ext=.js, size=1168)
2025-11-21 18:15:39,612 - Knowledge - INFO - Worker kw6 processing /Users/veera/Documents/kavia-backend/graphnode-backend-api/data/rdk7542/223437/b3548da/axios-223437/webpack.config.js
2025-11-21 18:15:39,612 - Knowledge - INFO - Worker kw7 processing /Users/veera/Documents/kavia-backend/graphnode-backend-api/data/rdk7542/223437/b3548da/axios-223437/examples/post/index.html
2025-11-21 18:15:39,612 - Knowledge - INFO - Worker kw8 processing /Users/veera/Documents/kavia-backend/graphnode-backend-api/data/rdk7542/223437/b3548da/axios-223437/examples/postMultipartFormData/index.html
2025-11-21 18:15:39,612 - Knowledge - INFO - Worker kw9 processing /Users/veera/Documents/kavia-backend/graphnode-backend-api/data/rdk7542/223437/b3548da/axios-223437/lib/core/Axios.js
2025-11-21 18:15:39,612 - Knowledge - INFO - Worker kw3 processing /Users/veera/Documents/kavia-backend/graphnode-backend-api/data/rdk7542/223437/b3548da/axios-223437/test/specs/utils/forEach.spec.js
2025-11-21 18:15:39,612 - Knowledge - INFO - Batch sizing: calculated=10, max_allowed=25, queue=37, active_workers=10/12
2025-11-21 18:15:39,612 - Knowledge - INFO - Worker kw10 processing /Users/veera/Documents/kavia-backend/graphnode-backend-api/data/rdk7542/223437/b3548da/axios-223437/lib/platform/browser/classes/FormData.js
2025-11-21 18:15:39,612 - Knowledge - INFO - Fast-tracked /Users/veera/Documents/kavia-backend/graphnode-backend-api/data/rdk7542/223437/b3548da/axios-223437/test/specs/core/AxiosError.spec.js (ext=.js, size=2252)
2025-11-21 18:15:39,612 - Knowledge - INFO - [kw12] Queue=27, InProgress=0, PendingWorkers=10/12, Completed=0/139 (0.0%)
2025-11-21 18:15:39,612 - Knowledge - INFO - knowledge worker kw13 start
2025-11-21 18:15:39,612 - Knowledge - INFO - Worker kw14 created using shared MongoDB connection pool
2025-11-21 18:15:39,612 - Knowledge - INFO - Fast-tracked /Users/veera/Documents/kavia-backend/graphnode-backend-api/data/rdk7542/223437/b3548da/axios-223437/test/specs/helpers/validator.spec.js (ext=.js, size=1088)
2025-11-21 18:15:39,612 - Knowledge - INFO - Fast-tracked /Users/veera/Documents/kavia-backend/graphnode-backend-api/data/rdk7542/223437/b3548da/axios-223437/test/unit/helpers/parseProtocol.js (ext=.js, size=914)
2025-11-21 18:15:39,612 - Knowledge - INFO - Worker kw5 processing /Users/veera/Documents/kavia-backend/graphnode-backend-api/data/rdk7542/223437/b3548da/axios-223437/test/specs/defaults.spec.js
2025-11-21 18:15:39,612 - Knowledge - INFO - Fast-tracked /Users/veera/Documents/kavia-backend/graphnode-backend-api/data/rdk7542/223437/b3548da/axios-223437/webpack.config.js (ext=.js, size=662)
2025-11-21 18:15:39,612 - Knowledge - INFO - Fast-tracked /Users/veera/Documents/kavia-backend/graphnode-backend-api/data/rdk7542/223437/b3548da/axios-223437/examples/post/index.html (ext=.html, size=1262)
2025-11-21 18:15:39,613 - Knowledge - INFO - Worker kw8 processing /Users/veera/Documents/kavia-backend/graphnode-backend-api/data/rdk7542/223437/b3548da/axios-223437/examples/postMultipartFormData/server.js
2025-11-21 18:15:39,613 - Knowledge - INFO - Worker kw9 processing /Users/veera/Documents/kavia-backend/graphnode-backend-api/data/rdk7542/223437/b3548da/axios-223437/lib/core/InterceptorManager.js
2025-11-21 18:15:39,613 - Knowledge - INFO - Fast-tracked /Users/veera/Documents/kavia-backend/graphnode-backend-api/data/rdk7542/223437/b3548da/axios-223437/test/specs/utils/forEach.spec.js (ext=.js, size=1172)
2025-11-21 18:15:39,613 - Knowledge - INFO - Worker kw11 processing /Users/veera/Documents/kavia-backend/graphnode-backend-api/data/rdk7542/223437/b3548da/axios-223437/lib/utils.js
2025-11-21 18:15:39,613 - Knowledge - INFO - Fast-tracked /Users/veera/Documents/kavia-backend/graphnode-backend-api/data/rdk7542/223437/b3548da/axios-223437/lib/platform/browser/classes/FormData.js (ext=.js, size=42)
2025-11-21 18:15:39,613 - Knowledge - INFO - Worker kw2 processing /Users/veera/Documents/kavia-backend/graphnode-backend-api/data/rdk7542/223437/b3548da/axios-223437/test/specs/core/settle.spec.js
2025-11-21 18:15:39,613 - Knowledge - INFO - Batch sizing: calculated=10, max_allowed=25, queue=27, active_workers=11/13
2025-11-21 18:15:39,613 - Knowledge - INFO - [kw13] Queue=17, InProgress=0, PendingWorkers=11/13, Completed=0/139 (0.0%)
2025-11-21 18:15:39,613 - Knowledge - INFO - knowledge worker kw14 start
2025-11-21 18:15:39,613 - Knowledge - INFO - Worker kw4 processing /Users/veera/Documents/kavia-backend/graphnode-backend-api/data/rdk7542/223437/b3548da/axios-223437/test/specs/helpers/parseHeaders.spec.js
2025-11-21 18:15:39,613 - Knowledge - INFO - Worker kw15 created using shared MongoDB connection pool
2025-11-21 18:15:39,613 - Knowledge - INFO - Worker kw1 processing /Users/veera/Documents/kavia-backend/graphnode-backend-api/data/rdk7542/223437/b3548da/axios-223437/test/unit/helpers/fromDataURI.js
2025-11-21 18:15:39,613 - Knowledge - INFO - Fast-tracked /Users/veera/Documents/kavia-backend/graphnode-backend-api/data/rdk7542/223437/b3548da/axios-223437/test/specs/defaults.spec.js (ext=.js, size=5570)
2025-11-21 18:15:39,613 - Knowledge - INFO - Worker kw6 processing /Users/veera/Documents/kavia-backend/graphnode-backend-api/data/rdk7542/223437/b3548da/axios-223437/bower.json
2025-11-21 18:15:39,613 - Knowledge - INFO - Worker kw7 processing /Users/veera/Documents/kavia-backend/graphnode-backend-api/data/rdk7542/223437/b3548da/axios-223437/examples/post/server.js
2025-11-21 18:15:39,613 - Knowledge - INFO - Fast-tracked /Users/veera/Documents/kavia-backend/graphnode-backend-api/data/rdk7542/223437/b3548da/axios-223437/lib/core/InterceptorManager.js (ext=.js, size=1523)
2025-11-21 18:15:39,613 - Knowledge - INFO - Fast-tracked /Users/veera/Documents/kavia-backend/graphnode-backend-api/data/rdk7542/223437/b3548da/axios-223437/examples/postMultipartFormData/server.js (ext=.js, size=241)
2025-11-21 18:15:39,614 - Knowledge - INFO - Worker kw3 processing /Users/veera/Documents/kavia-backend/graphnode-backend-api/data/rdk7542/223437/b3548da/axios-223437/test/specs/utils/toFlatObject.js
2025-11-21 18:15:39,614 - Knowledge - INFO - Worker kw11 processing /Users/veera/Documents/kavia-backend/graphnode-backend-api/data/rdk7542/223437/b3548da/axios-223437/lib/helpers/combineURLs.js
2025-11-21 18:15:39,614 - Knowledge - INFO - Worker kw10 processing /Users/veera/Documents/kavia-backend/graphnode-backend-api/data/rdk7542/223437/b3548da/axios-223437/lib/platform/browser/index.js
2025-11-21 18:15:39,614 - Knowledge - INFO - Fast-tracked /Users/veera/Documents/kavia-backend/graphnode-backend-api/data/rdk7542/223437/b3548da/axios-223437/test/specs/core/settle.spec.js (ext=.js, size=2247)
2025-11-21 18:15:39,614 - Knowledge - INFO - Batch sizing: calculated=10, max_allowed=25, queue=17, active_workers=12/14
2025-11-21 18:15:39,614 - Knowledge - INFO - Worker kw12 processing /Users/veera/Documents/kavia-backend/graphnode-backend-api/data/rdk7542/223437/b3548da/axios-223437/lib/helpers/isAxiosError.js
2025-11-21 18:15:39,614 - Knowledge - INFO - [kw14] Queue=7, InProgress=0, PendingWorkers=12/14, Completed=0/139 (0.0%)
2025-11-21 18:15:39,614 - Knowledge - INFO - Fast-tracked /Users/veera/Documents/kavia-backend/graphnode-backend-api/data/rdk7542/223437/b3548da/axios-223437/test/specs/helpers/parseHeaders.spec.js (ext=.js, size=1418)
2025-11-21 18:15:39,614 - Knowledge - INFO - knowledge worker kw15 start
2025-11-21 18:15:39,614 - Knowledge - INFO - Worker kw16 created using shared MongoDB connection pool
2025-11-21 18:15:39,614 - Knowledge - INFO - Worker kw5 processing /Users/veera/Documents/kavia-backend/graphnode-backend-api/data/rdk7542/223437/b3548da/axios-223437/test/specs/basicAuth.spec.js
2025-11-21 18:15:39,614 - Knowledge - INFO - Fast-tracked /Users/veera/Documents/kavia-backend/graphnode-backend-api/data/rdk7542/223437/b3548da/axios-223437/bower.json (ext=.json, size=635)
2025-11-21 18:15:39,614 - Knowledge - INFO - Fast-tracked /Users/veera/Documents/kavia-backend/graphnode-backend-api/data/rdk7542/223437/b3548da/axios-223437/test/unit/helpers/fromDataURI.js (ext=.js, size=404)
2025-11-21 18:15:39,614 - Knowledge - INFO - Fast-tracked /Users/veera/Documents/kavia-backend/graphnode-backend-api/data/rdk7542/223437/b3548da/axios-223437/examples/post/server.js (ext=.js, size=318)
2025-11-21 18:15:39,614 - Knowledge - INFO - Worker kw9 processing /Users/veera/Documents/kavia-backend/graphnode-backend-api/data/rdk7542/223437/b3548da/axios-223437/lib/core/README.md
2025-11-21 18:15:39,614 - Knowledge - INFO - Worker kw8 processing /Users/veera/Documents/kavia-backend/graphnode-backend-api/data/rdk7542/223437/b3548da/axios-223437/examples/upload/index.html
2025-11-21 18:15:39,614 - Knowledge - INFO - Fast-tracked /Users/veera/Documents/kavia-backend/graphnode-backend-api/data/rdk7542/223437/b3548da/axios-223437/test/specs/utils/toFlatObject.js (ext=.js, size=379)
2025-11-21 18:15:39,614 - Knowledge - INFO - Fast-tracked /Users/veera/Documents/kavia-backend/graphnode-backend-api/data/rdk7542/223437/b3548da/axios-223437/lib/helpers/combineURLs.js (ext=.js, size=380)
2025-11-21 18:15:39,614 - Knowledge - INFO - Fast-tracked /Users/veera/Documents/kavia-backend/graphnode-backend-api/data/rdk7542/223437/b3548da/axios-223437/lib/platform/browser/index.js (ext=.js, size=247)
2025-11-21 18:15:39,615 - Knowledge - INFO - Worker kw2 processing /Users/veera/Documents/kavia-backend/graphnode-backend-api/data/rdk7542/223437/b3548da/axios-223437/test/specs/options.spec.js
2025-11-21 18:15:39,615 - Knowledge - INFO - Batch sizing: calculated=7, max_allowed=25, queue=7, active_workers=13/15
2025-11-21 18:15:39,615 - Knowledge - INFO - Worker kw13 processing /Users/veera/Documents/kavia-backend/graphnode-backend-api/data/rdk7542/223437/b3548da/axios-223437/lib/helpers/parseHeaders.js
2025-11-21 18:15:39,615 - Knowledge - INFO - Worker kw4 processing /Users/veera/Documents/kavia-backend/graphnode-backend-api/data/rdk7542/223437/b3548da/axios-223437/test/specs/helpers/cookies.spec.js
2025-11-21 18:15:39,615 - Knowledge - INFO - Fast-tracked /Users/veera/Documents/kavia-backend/graphnode-backend-api/data/rdk7542/223437/b3548da/axios-223437/lib/helpers/isAxiosError.js (ext=.js, size=373)
2025-11-21 18:15:39,615 - Knowledge - INFO - knowledge worker kw16 start
2025-11-21 18:15:39,615 - Knowledge - INFO - Worker kw6 processing /Users/veera/Documents/kavia-backend/graphnode-backend-api/data/rdk7542/223437/b3548da/axios-223437/ECOSYSTEM.md
2025-11-21 18:15:39,615 - Knowledge - INFO - Worker kw17 created using shared MongoDB connection pool
2025-11-21 18:15:39,621 - Knowledge - INFO - Fast-tracked /Users/veera/Documents/kavia-backend/graphnode-backend-api/data/rdk7542/223437/b3548da/axios-223437/test/specs/basicAuth.spec.js (ext=.js, size=64)
2025-11-21 18:15:39,633 - Knowledge - INFO - Worker kw1 processing /Users/veera/Documents/kavia-backend/graphnode-backend-api/data/rdk7542/223437/b3548da/axios-223437/test/specs/cancel/isCancel.spec.js
2025-11-21 18:15:39,640 - Knowledge - INFO - Worker kw7 processing /Users/veera/Documents/kavia-backend/graphnode-backend-api/data/rdk7542/223437/b3548da/axios-223437/examples/server.js
2025-11-21 18:15:39,665 - Knowledge - INFO - Worker kw3 processing /Users/veera/Documents/kavia-backend/graphnode-backend-api/data/rdk7542/223437/b3548da/axios-223437/test/specs/utils/endsWith.js
2025-11-21 18:15:39,671 - Knowledge - INFO - Fast-tracked /Users/veera/Documents/kavia-backend/graphnode-backend-api/data/rdk7542/223437/b3548da/axios-223437/examples/upload/index.html (ext=.html, size=1562)
2025-11-21 18:15:39,671 - Knowledge - INFO - Fast-tracked /Users/veera/Documents/kavia-backend/graphnode-backend-api/data/rdk7542/223437/b3548da/axios-223437/lib/core/README.md (ext=.md, size=399)
2025-11-21 18:15:39,690 - Knowledge - INFO - Worker kw11 processing /Users/veera/Documents/kavia-backend/graphnode-backend-api/data/rdk7542/223437/b3548da/axios-223437/lib/helpers/parseProtocol.js
2025-11-21 18:15:39,703 - Knowledge - INFO - Worker kw10 processing /Users/veera/Documents/kavia-backend/graphnode-backend-api/data/rdk7542/223437/b3548da/axios-223437/lib/platform/node/classes/URLSearchParams.js
2025-11-21 18:15:39,747 - Knowledge - INFO - Fast-tracked /Users/veera/Documents/kavia-backend/graphnode-backend-api/data/rdk7542/223437/b3548da/axios-223437/test/specs/options.spec.js (ext=.js, size=3129)
2025-11-21 18:15:39,753 - Knowledge - INFO - Fast-tracked /Users/veera/Documents/kavia-backend/graphnode-backend-api/data/rdk7542/223437/b3548da/axios-223437/lib/helpers/parseHeaders.js (ext=.js, size=1391)
2025-11-21 18:15:39,753 - Knowledge - INFO - Worker kw12 processing /Users/veera/Documents/kavia-backend/graphnode-backend-api/data/rdk7542/223437/b3548da/axios-223437/lib/helpers/toFormData.js
2025-11-21 18:15:39,753 - Knowledge - INFO - Fast-tracked /Users/veera/Documents/kavia-backend/graphnode-backend-api/data/rdk7542/223437/b3548da/axios-223437/test/specs/helpers/cookies.spec.js (ext=.js, size=1076)
2025-11-21 18:15:39,772 - Knowledge - INFO - Fast-tracked /Users/veera/Documents/kavia-backend/graphnode-backend-api/data/rdk7542/223437/b3548da/axios-223437/ECOSYSTEM.md (ext=.md, size=4409)
2025-11-21 18:15:39,778 - Knowledge - INFO - Worker kw5 processing /Users/veera/Documents/kavia-backend/graphnode-backend-api/data/rdk7542/223437/b3548da/axios-223437/test/specs/adapter.spec.js
2025-11-21 18:15:39,778 - Knowledge - INFO - knowledge worker kw17 start
2025-11-21 18:15:39,778 - Knowledge - INFO - Worker kw18 created using shared MongoDB connection pool
2025-11-21 18:15:39,785 - Knowledge - INFO - Fast-tracked /Users/veera/Documents/kavia-backend/graphnode-backend-api/data/rdk7542/223437/b3548da/axios-223437/test/specs/cancel/isCancel.spec.js (ext=.js, size=407)
2025-11-21 18:15:39,791 - Knowledge - INFO - Worker kw7 processing /Users/veera/Documents/kavia-backend/graphnode-backend-api/data/rdk7542/223437/b3548da/axios-223437/examples/transform-response/index.html
2025-11-21 18:15:39,792 - Knowledge - INFO - Worker kw8 processing /Users/veera/Documents/kavia-backend/graphnode-backend-api/data/rdk7542/223437/b3548da/axios-223437/examples/upload/server.js
2025-11-21 18:15:39,792 - Knowledge - INFO - Fast-tracked /Users/veera/Documents/kavia-backend/graphnode-backend-api/data/rdk7542/223437/b3548da/axios-223437/test/specs/utils/endsWith.js (ext=.js, size=295)
2025-11-21 18:15:39,818 - Knowledge - INFO - Worker kw9 processing /Users/veera/Documents/kavia-backend/graphnode-backend-api/data/rdk7542/223437/b3548da/axios-223437/lib/core/dispatchRequest.js
2025-11-21 18:15:39,848 - Knowledge - INFO - Fast-tracked /Users/veera/Documents/kavia-backend/graphnode-backend-api/data/rdk7542/223437/b3548da/axios-223437/lib/helpers/parseProtocol.js (ext=.js, size=152)
2025-11-21 18:15:39,848 - Knowledge - INFO - Fast-tracked /Users/veera/Documents/kavia-backend/graphnode-backend-api/data/rdk7542/223437/b3548da/axios-223437/lib/platform/node/classes/URLSearchParams.js (ext=.js, size=80)
2025-11-21 18:15:39,848 - Knowledge - INFO - Worker kw2 processing /Users/veera/Documents/kavia-backend/graphnode-backend-api/data/rdk7542/223437/b3548da/axios-223437/test/specs/formdata.spec.js
2025-11-21 18:15:39,848 - Knowledge - INFO - Worker kw13 processing /Users/veera/Documents/kavia-backend/graphnode-backend-api/data/rdk7542/223437/b3548da/axios-223437/tsconfig.json
2025-11-21 18:15:39,848 - Knowledge - INFO - Worker kw12 processing /Users/veera/Documents/kavia-backend/graphnode-backend-api/data/rdk7542/223437/b3548da/axios-223437/lib/helpers/cookies.js
2025-11-21 18:15:39,848 - Knowledge - INFO - Worker kw4 processing /Users/veera/Documents/kavia-backend/graphnode-backend-api/data/rdk7542/223437/b3548da/axios-223437/test/specs/helpers/isAbsoluteURL.spec.js
2025-11-21 18:15:39,861 - Knowledge - INFO - Worker kw6 processing /Users/veera/Documents/kavia-backend/graphnode-backend-api/data/rdk7542/223437/b3548da/axios-223437/README.md
2025-11-21 18:15:39,873 - Knowledge - INFO - Fast-tracked /Users/veera/Documents/kavia-backend/graphnode-backend-api/data/rdk7542/223437/b3548da/axios-223437/test/specs/adapter.spec.js (ext=.js, size=2363)
2025-11-21 18:15:39,873 - Knowledge - INFO - Worker kw1 processing /Users/veera/Documents/kavia-backend/graphnode-backend-api/data/rdk7542/223437/b3548da/axios-223437/test/specs/cancel/CanceledError.spec.js
2025-11-21 18:15:39,873 - Knowledge - INFO - knowledge worker kw18 start
2025-11-21 18:15:39,873 - Knowledge - INFO - Worker kw19 created using shared MongoDB connection pool
2025-11-21 18:15:39,874 - Knowledge - INFO - Fast-tracked /Users/veera/Documents/kavia-backend/graphnode-backend-api/data/rdk7542/223437/b3548da/axios-223437/examples/transform-response/index.html (ext=.html, size=1573)
2025-11-21 18:15:39,885 - Knowledge - INFO - Worker kw3 processing /Users/veera/Documents/kavia-backend/graphnode-backend-api/data/rdk7542/223437/b3548da/axios-223437/test/specs/utils/kindOf.js
2025-11-21 18:15:39,885 - Knowledge - INFO - Fast-tracked /Users/veera/Documents/kavia-backend/graphnode-backend-api/data/rdk7542/223437/b3548da/axios-223437/examples/upload/server.js (ext=.js, size=231)
2025-11-21 18:15:39,885 - Knowledge - INFO - Worker kw9 processing /Users/veera/Documents/kavia-backend/graphnode-backend-api/data/rdk7542/223437/b3548da/axios-223437/lib/core/buildFullPath.js
2025-11-21 18:15:39,892 - Knowledge - INFO - Worker kw11 processing /Users/veera/Documents/kavia-backend/graphnode-backend-api/data/rdk7542/223437/b3548da/axios-223437/lib/helpers/fromDataURI.js
2025-11-21 18:15:39,892 - Knowledge - INFO - Worker kw10 processing /Users/veera/Documents/kavia-backend/graphnode-backend-api/data/rdk7542/223437/b3548da/axios-223437/lib/platform/node/classes/FormData.js
2025-11-21 18:15:39,910 - Knowledge - INFO - Fast-tracked /Users/veera/Documents/kavia-backend/graphnode-backend-api/data/rdk7542/223437/b3548da/axios-223437/test/specs/formdata.spec.js (ext=.js, size=295)
2025-11-21 18:15:39,910 - Knowledge - INFO - Fast-tracked /Users/veera/Documents/kavia-backend/graphnode-backend-api/data/rdk7542/223437/b3548da/axios-223437/tsconfig.json (ext=.json, size=238)
2025-11-21 18:15:39,910 - Knowledge - INFO - Fast-tracked /Users/veera/Documents/kavia-backend/graphnode-backend-api/data/rdk7542/223437/b3548da/axios-223437/lib/helpers/cookies.js (ext=.js, size=1435)
2025-11-21 18:15:39,923 - Knowledge - INFO - Fast-tracked /Users/veera/Documents/kavia-backend/graphnode-backend-api/data/rdk7542/223437/b3548da/axios-223437/README.md (ext=.md, size=38970)
2025-11-21 18:15:39,923 - Knowledge - INFO - Fast-tracked /Users/veera/Documents/kavia-backend/graphnode-backend-api/data/rdk7542/223437/b3548da/axios-223437/test/specs/helpers/isAbsoluteURL.spec.js (ext=.js, size=917)
2025-11-21 18:15:39,923 - Knowledge - INFO - Worker kw5 processing /Users/veera/Documents/kavia-backend/graphnode-backend-api/data/rdk7542/223437/b3548da/axios-223437/test/specs/headers.spec.js
2025-11-21 18:15:39,954 - Knowledge - INFO - Fast-tracked /Users/veera/Documents/kavia-backend/graphnode-backend-api/data/rdk7542/223437/b3548da/axios-223437/test/specs/cancel/CanceledError.spec.js (ext=.js, size=570)
2025-11-21 18:15:39,961 - Knowledge - INFO - Worker kw7 processing /Users/veera/Documents/kavia-backend/graphnode-backend-api/data/rdk7542/223437/b3548da/axios-223437/examples/all/index.html
2025-11-21 18:15:39,961 - Knowledge - INFO - knowledge worker kw19 start
2025-11-21 18:15:39,985 - Knowledge - INFO - Worker kw20 created using shared MongoDB connection pool
2025-11-21 18:15:39,985 - Knowledge - INFO - Worker kw8 processing /Users/veera/Documents/kavia-backend/graphnode-backend-api/data/rdk7542/223437/b3548da/axios-223437/lib/cancel/CancelToken.js
2025-11-21 18:15:39,985 - Knowledge - INFO - Fast-tracked /Users/veera/Documents/kavia-backend/graphnode-backend-api/data/rdk7542/223437/b3548da/axios-223437/test/specs/utils/kindOf.js (ext=.js, size=309)
2025-11-21 18:15:39,997 - Knowledge - INFO - Fast-tracked /Users/veera/Documents/kavia-backend/graphnode-backend-api/data/rdk7542/223437/b3548da/axios-223437/lib/helpers/fromDataURI.js (ext=.js, size=1340)
2025-11-21 18:15:40,003 - Knowledge - INFO - Fast-tracked /Users/veera/Documents/kavia-backend/graphnode-backend-api/data/rdk7542/223437/b3548da/axios-223437/lib/core/buildFullPath.js (ext=.js, size=695)
2025-11-21 18:15:40,015 - Knowledge - INFO - Fast-tracked /Users/veera/Documents/kavia-backend/graphnode-backend-api/data/rdk7542/223437/b3548da/axios-223437/lib/platform/node/classes/FormData.js (ext=.js, size=54)
2025-11-21 18:15:40,015 - Knowledge - INFO - Worker kw2 processing /Users/veera/Documents/kavia-backend/graphnode-backend-api/data/rdk7542/223437/b3548da/axios-223437/test/specs/promise.spec.js
2025-11-21 18:15:40,015 - Knowledge - INFO - Worker kw13 processing /Users/veera/Documents/kavia-backend/graphnode-backend-api/data/rdk7542/223437/b3548da/axios-223437/UPGRADE_GUIDE.md
2025-11-21 18:15:40,021 - Knowledge - INFO - Worker kw12 processing /Users/veera/Documents/kavia-backend/graphnode-backend-api/data/rdk7542/223437/b3548da/axios-223437/lib/helpers/validator.js
2025-11-21 18:15:40,021 - Knowledge - INFO - Worker kw6 processing /Users/veera/Documents/kavia-backend/graphnode-backend-api/data/rdk7542/223437/b3548da/axios-223437/rollup.config.js
2025-11-21 18:15:40,021 - Knowledge - INFO - Worker kw4 processing /Users/veera/Documents/kavia-backend/graphnode-backend-api/data/rdk7542/223437/b3548da/axios-223437/test/specs/helpers/isURLSameOrigin.spec.js
2025-11-21 18:15:40,022 - Knowledge - INFO - Fast-tracked /Users/veera/Documents/kavia-backend/graphnode-backend-api/data/rdk7542/223437/b3548da/axios-223437/test/specs/headers.spec.js (ext=.js, size=2929)
2025-11-21 18:15:40,022 - Knowledge - INFO - Worker kw1 processing /Users/veera/Documents/kavia-backend/graphnode-backend-api/data/rdk7542/223437/b3548da/axios-223437/test/specs/cancel/CancelToken.spec.js
2025-11-21 18:15:40,094 - Knowledge - INFO - Fast-tracked /Users/veera/Documents/kavia-backend/graphnode-backend-api/data/rdk7542/223437/b3548da/axios-223437/examples/all/index.html (ext=.html, size=1372)
2025-11-21 18:15:40,095 - Knowledge - INFO - knowledge worker kw20 start
2025-11-21 18:15:40,096 - Knowledge - INFO - Worker kw3 processing /Users/veera/Documents/kavia-backend/graphnode-backend-api/data/rdk7542/223437/b3548da/axios-223437/test/specs/utils/isX.spec.js
2025-11-21 18:15:40,102 - Knowledge - INFO - Worker kw11 processing /Users/veera/Documents/kavia-backend/graphnode-backend-api/data/rdk7542/223437/b3548da/axios-223437/lib/helpers/deprecatedMethod.js
2025-11-21 18:15:40,102 - Knowledge - INFO - Worker kw8 processing /Users/veera/Documents/kavia-backend/graphnode-backend-api/data/rdk7542/223437/b3548da/axios-223437/lib/cancel/isCancel.js
2025-11-21 18:15:40,102 - Knowledge - INFO - Worker kw9 processing /Users/veera/Documents/kavia-backend/graphnode-backend-api/data/rdk7542/223437/b3548da/axios-223437/lib/core/transformData.js
2025-11-21 18:15:40,103 - Knowledge - INFO - Worker kw10 processing /Users/veera/Documents/kavia-backend/graphnode-backend-api/data/rdk7542/223437/b3548da/axios-223437/lib/platform/node/index.js
2025-11-21 18:15:40,109 - Knowledge - INFO - Fast-tracked /Users/veera/Documents/kavia-backend/graphnode-backend-api/data/rdk7542/223437/b3548da/axios-223437/test/specs/promise.spec.js (ext=.js, size=1594)
2025-11-21 18:15:40,109 - Knowledge - INFO - Fast-tracked /Users/veera/Documents/kavia-backend/graphnode-backend-api/data/rdk7542/223437/b3548da/axios-223437/UPGRADE_GUIDE.md (ext=.md, size=4953)
2025-11-21 18:15:40,109 - Knowledge - INFO - Worker kw12 processing /Users/veera/Documents/kavia-backend/graphnode-backend-api/data/rdk7542/223437/b3548da/axios-223437/lib/helpers/README.md
2025-11-21 18:15:40,150 - Knowledge - INFO - Worker kw5 processing /Users/veera/Documents/kavia-backend/graphnode-backend-api/data/rdk7542/223437/b3548da/axios-223437/test/typescript/axios.ts
2025-11-21 18:15:40,150 - Knowledge - INFO - Fast-tracked /Users/veera/Documents/kavia-backend/graphnode-backend-api/data/rdk7542/223437/b3548da/axios-223437/test/specs/helpers/isURLSameOrigin.spec.js (ext=.js, size=384)
2025-11-21 18:15:40,151 - Knowledge - INFO - Fast-tracked /Users/veera/Documents/kavia-backend/graphnode-backend-api/data/rdk7542/223437/b3548da/axios-223437/rollup.config.js (ext=.js, size=1287)
2025-11-21 18:15:40,157 - Knowledge - INFO - Worker kw7 processing /Users/veera/Documents/kavia-backend/graphnode-backend-api/data/rdk7542/223437/b3548da/axios-223437/examples/get/index.html
2025-11-21 18:15:40,175 - Knowledge - INFO - Fast-tracked /Users/veera/Documents/kavia-backend/graphnode-backend-api/data/rdk7542/223437/b3548da/axios-223437/test/specs/cancel/CancelToken.spec.js (ext=.js, size=3118)
2025-11-21 18:15:40,227 - Knowledge - INFO - Fast-tracked /Users/veera/Documents/kavia-backend/graphnode-backend-api/data/rdk7542/223437/b3548da/axios-223437/test/specs/utils/isX.spec.js (ext=.js, size=2879)
2025-11-21 18:15:40,239 - Knowledge - INFO - Fast-tracked /Users/veera/Documents/kavia-backend/graphnode-backend-api/data/rdk7542/223437/b3548da/axios-223437/lib/helpers/deprecatedMethod.js (ext=.js, size=727)
2025-11-21 18:15:40,239 - Knowledge - INFO - Fast-tracked /Users/veera/Documents/kavia-backend/graphnode-backend-api/data/rdk7542/223437/b3548da/axios-223437/lib/core/transformData.js (ext=.js, size=696)
2025-11-21 18:15:40,239 - Knowledge - INFO - Fast-tracked /Users/veera/Documents/kavia-backend/graphnode-backend-api/data/rdk7542/223437/b3548da/axios-223437/lib/cancel/isCancel.js (ext=.js, size=102)
2025-11-21 18:15:40,239 - Knowledge - INFO - Fast-tracked /Users/veera/Documents/kavia-backend/graphnode-backend-api/data/rdk7542/223437/b3548da/axios-223437/lib/platform/node/index.js (ext=.js, size=278)
2025-11-21 18:15:40,239 - Knowledge - INFO - Worker kw2 processing /Users/veera/Documents/kavia-backend/graphnode-backend-api/data/rdk7542/223437/b3548da/axios-223437/test/specs/api.spec.js
2025-11-21 18:15:40,240 - Knowledge - INFO - Worker kw13 processing /Users/veera/Documents/kavia-backend/graphnode-backend-api/data/rdk7542/223437/b3548da/axios-223437/COLLABORATOR_GUIDE.md
2025-11-21 18:15:40,240 - Knowledge - INFO - Fast-tracked /Users/veera/Documents/kavia-backend/graphnode-backend-api/data/rdk7542/223437/b3548da/axios-223437/test/typescript/axios.ts (ext=.ts, size=9309)
2025-11-21 18:15:40,240 - Knowledge - INFO - Worker kw4 processing /Users/veera/Documents/kavia-backend/graphnode-backend-api/data/rdk7542/223437/b3548da/axios-223437/test/specs/helpers/spread.spec.js
2025-11-21 18:15:40,240 - Knowledge - INFO - Fast-tracked /Users/veera/Documents/kavia-backend/graphnode-backend-api/data/rdk7542/223437/b3548da/axios-223437/lib/helpers/README.md (ext=.md, size=351)
2025-11-21 18:15:40,246 - Knowledge - INFO - Worker kw6 processing /Users/veera/Documents/kavia-backend/graphnode-backend-api/data/rdk7542/223437/b3548da/axios-223437/package.json
2025-11-21 18:15:40,252 - Knowledge - INFO - Worker kw1 processing /Users/veera/Documents/kavia-backend/graphnode-backend-api/data/rdk7542/223437/b3548da/axios-223437/test/specs/instance.spec.js
2025-11-21 18:15:40,265 - Knowledge - INFO - Fast-tracked /Users/veera/Documents/kavia-backend/graphnode-backend-api/data/rdk7542/223437/b3548da/axios-223437/examples/get/index.html (ext=.html, size=1346)
2025-11-21 18:15:40,265 - Knowledge - INFO - Worker kw3 processing /Users/veera/Documents/kavia-backend/graphnode-backend-api/data/rdk7542/223437/b3548da/axios-223437/test/specs/progress.spec.js
2025-11-21 18:15:40,265 - Knowledge - INFO - Worker kw11 processing /Users/veera/Documents/kavia-backend/graphnode-backend-api/data/rdk7542/223437/b3548da/axios-223437/lib/helpers/buildURL.js
2025-11-21 18:15:40,265 - Knowledge - INFO - Worker kw9 processing /Users/veera/Documents/kavia-backend/graphnode-backend-api/data/rdk7542/223437/b3548da/axios-223437/lib/core/mergeConfig.js
2025-11-21 18:15:40,265 - Knowledge - INFO - Worker kw8 processing /Users/veera/Documents/kavia-backend/graphnode-backend-api/data/rdk7542/223437/b3548da/axios-223437/lib/cancel/CanceledError.js
2025-11-21 18:15:40,265 - Knowledge - INFO - Worker kw10 processing /Users/veera/Documents/kavia-backend/graphnode-backend-api/data/rdk7542/223437/b3548da/axios-223437/lib/adapters/README.md
2025-11-21 18:15:40,266 - Knowledge - INFO - Worker kw5 processing /Users/veera/Documents/kavia-backend/graphnode-backend-api/data/rdk7542/223437/b3548da/axios-223437/test/manual/basic.html
2025-11-21 18:15:40,266 - Knowledge - INFO - Fast-tracked /Users/veera/Documents/kavia-backend/graphnode-backend-api/data/rdk7542/223437/b3548da/axios-223437/test/specs/api.spec.js (ext=.js, size=2600)
2025-11-21 18:15:40,266 - Knowledge - INFO - Worker kw12 processing /Users/veera/Documents/kavia-backend/graphnode-backend-api/data/rdk7542/223437/b3548da/axios-223437/lib/helpers/formDataToJSON.js
2025-11-21 18:15:40,266 - Knowledge - INFO - Fast-tracked /Users/veera/Documents/kavia-backend/graphnode-backend-api/data/rdk7542/223437/b3548da/axios-223437/COLLABORATOR_GUIDE.md (ext=.md, size=2945)
2025-11-21 18:15:40,266 - Knowledge - INFO - Fast-tracked /Users/veera/Documents/kavia-backend/graphnode-backend-api/data/rdk7542/223437/b3548da/axios-223437/test/specs/helpers/spread.spec.js (ext=.js, size=449)
2025-11-21 18:15:40,266 - Knowledge - INFO - Worker kw7 processing /Users/veera/Documents/kavia-backend/graphnode-backend-api/data/rdk7542/223437/b3548da/axios-223437/examples/get/server.js
2025-11-21 18:15:40,267 - Knowledge - INFO - Fast-tracked /Users/veera/Documents/kavia-backend/graphnode-backend-api/data/rdk7542/223437/b3548da/axios-223437/test/specs/instance.spec.js (ext=.js, size=3712)
2025-11-21 18:15:40,267 - Knowledge - INFO - Fast-tracked /Users/veera/Documents/kavia-backend/graphnode-backend-api/data/rdk7542/223437/b3548da/axios-223437/package.json (ext=.json, size=2930)
2025-11-21 18:15:40,267 - Knowledge - INFO - Fast-tracked /Users/veera/Documents/kavia-backend/graphnode-backend-api/data/rdk7542/223437/b3548da/axios-223437/test/specs/progress.spec.js (ext=.js, size=3172)
2025-11-21 18:15:40,267 - Knowledge - INFO - Fast-tracked /Users/veera/Documents/kavia-backend/graphnode-backend-api/data/rdk7542/223437/b3548da/axios-223437/lib/helpers/buildURL.js (ext=.js, size=1156)
2025-11-21 18:15:40,267 - Knowledge - INFO - Worker kw9 processing /Users/veera/Documents/kavia-backend/graphnode-backend-api/data/rdk7542/223437/b3548da/axios-223437/lib/platform/index.js
2025-11-21 18:15:40,267 - Knowledge - INFO - Fast-tracked /Users/veera/Documents/kavia-backend/graphnode-backend-api/data/rdk7542/223437/b3548da/axios-223437/lib/cancel/CanceledError.js (ext=.js, size=659)
2025-11-21 18:15:40,267 - Knowledge - INFO - Fast-tracked /Users/veera/Documents/kavia-backend/graphnode-backend-api/data/rdk7542/223437/b3548da/axios-223437/lib/adapters/README.md (ext=.md, size=915)
2025-11-21 18:15:40,267 - Knowledge - INFO - Fast-tracked /Users/veera/Documents/kavia-backend/graphnode-backend-api/data/rdk7542/223437/b3548da/axios-223437/test/manual/basic.html (ext=.html, size=516)
2025-11-21 18:15:40,268 - Knowledge - INFO - Worker kw2 processing /Users/veera/Documents/kavia-backend/graphnode-backend-api/data/rdk7542/223437/b3548da/axios-223437/test/specs/cancel.spec.js
2025-11-21 18:15:40,268 - Knowledge - INFO - Worker kw13 processing /Users/veera/Documents/kavia-backend/graphnode-backend-api/data/rdk7542/223437/b3548da/axios-223437/COOKBOOK.md
2025-11-21 18:15:40,268 - Knowledge - INFO - Fast-tracked /Users/veera/Documents/kavia-backend/graphnode-backend-api/data/rdk7542/223437/b3548da/axios-223437/lib/helpers/formDataToJSON.js (ext=.js, size=1541)
2025-11-21 18:15:40,268 - Knowledge - INFO - Worker kw4 processing /Users/veera/Documents/kavia-backend/graphnode-backend-api/data/rdk7542/223437/b3548da/axios-223437/test/specs/helpers/isAxiosError.spec.js
2025-11-21 18:15:40,268 - Knowledge - INFO - Fast-tracked /Users/veera/Documents/kavia-backend/graphnode-backend-api/data/rdk7542/223437/b3548da/axios-223437/examples/get/server.js (ext=.js, size=649)
2025-11-21 18:15:40,268 - Knowledge - INFO - Worker kw6 processing /Users/veera/Documents/kavia-backend/graphnode-backend-api/data/rdk7542/223437/b3548da/axios-223437/sandbox/client.js
2025-11-21 18:15:40,268 - Knowledge - INFO - Worker kw3 processing /Users/veera/Documents/kavia-backend/graphnode-backend-api/data/rdk7542/223437/b3548da/axios-223437/test/specs/__helpers.js
2025-11-21 18:15:40,268 - Knowledge - INFO - Worker kw11 processing /Users/veera/Documents/kavia-backend/graphnode-backend-api/data/rdk7542/223437/b3548da/axios-223437/lib/helpers/null.js
2025-11-21 18:15:40,269 - Knowledge - INFO - Worker kw8 processing /Users/veera/Documents/kavia-backend/graphnode-backend-api/data/rdk7542/223437/b3548da/axios-223437/lib/axios.js
2025-11-21 18:15:40,269 - Knowledge - INFO - Worker kw10 processing /Users/veera/Documents/kavia-backend/graphnode-backend-api/data/rdk7542/223437/b3548da/axios-223437/lib/adapters/xhr.js
2025-11-21 18:15:40,269 - Knowledge - INFO - Fast-tracked /Users/veera/Documents/kavia-backend/graphnode-backend-api/data/rdk7542/223437/b3548da/axios-223437/lib/platform/index.js (ext=.js, size=52)
2025-11-21 18:15:40,269 - Knowledge - INFO - Worker kw5 processing /Users/veera/Documents/kavia-backend/graphnode-backend-api/data/rdk7542/223437/b3548da/axios-223437/test/manual/fixture.json
2025-11-21 18:15:40,269 - Knowledge - INFO - Fast-tracked /Users/veera/Documents/kavia-backend/graphnode-backend-api/data/rdk7542/223437/b3548da/axios-223437/test/specs/cancel.spec.js (ext=.js, size=3632)
2025-11-21 18:15:40,269 - Knowledge - INFO - Worker kw12 processing /Users/veera/Documents/kavia-backend/graphnode-backend-api/data/rdk7542/223437/b3548da/axios-223437/lib/helpers/bind.js
2025-11-21 18:15:40,269 - Knowledge - INFO - Fast-tracked /Users/veera/Documents/kavia-backend/graphnode-backend-api/data/rdk7542/223437/b3548da/axios-223437/COOKBOOK.md (ext=.md, size=2498)
2025-11-21 18:15:40,269 - Knowledge - INFO - Worker kw7 processing /Users/veera/Documents/kavia-backend/graphnode-backend-api/data/rdk7542/223437/b3548da/axios-223437/examples/README.md
2025-11-21 18:15:40,270 - Knowledge - INFO - Fast-tracked /Users/veera/Documents/kavia-backend/graphnode-backend-api/data/rdk7542/223437/b3548da/axios-223437/sandbox/client.js (ext=.js, size=396)
2025-11-21 18:15:40,270 - Knowledge - INFO - Fast-tracked /Users/veera/Documents/kavia-backend/graphnode-backend-api/data/rdk7542/223437/b3548da/axios-223437/test/specs/helpers/isAxiosError.spec.js (ext=.js, size=828)
2025-11-21 18:15:40,270 - Knowledge - INFO - Fast-tracked /Users/veera/Documents/kavia-backend/graphnode-backend-api/data/rdk7542/223437/b3548da/axios-223437/Gruntfile.js (small file (2354 bytes))
2025-11-21 18:15:40,270 - Knowledge - INFO - Fast-tracked /Users/veera/Documents/kavia-backend/graphnode-backend-api/data/rdk7542/223437/b3548da/axios-223437/lib/helpers/null.js (ext=.js, size=58)
2025-11-21 18:15:40,270 - Knowledge - INFO - Fast-tracked /Users/veera/Documents/kavia-backend/graphnode-backend-api/data/rdk7542/223437/b3548da/axios-223437/lib/axios.js (ext=.js, size=1977)
2025-11-21 18:15:40,270 - Knowledge - INFO - Worker kw10 processing /Users/veera/Documents/kavia-backend/graphnode-backend-api/data/rdk7542/223437/b3548da/axios-223437/lib/adapters/http.js
2025-11-21 18:15:40,270 - Knowledge - INFO - Worker kw9 processing /Users/veera/Documents/kavia-backend/graphnode-backend-api/data/rdk7542/223437/b3548da/axios-223437/lib/platform/browser/classes/URLSearchParams.js
2025-11-21 18:15:40,270 - Knowledge - INFO - Fast-tracked /Users/veera/Documents/kavia-backend/graphnode-backend-api/data/rdk7542/223437/b3548da/axios-223437/test/specs/__helpers.js (ext=.js, size=3184)
2025-11-21 18:15:40,270 - Knowledge - INFO - Worker kw2 processing /Users/veera/Documents/kavia-backend/graphnode-backend-api/data/rdk7542/223437/b3548da/axios-223437/test/specs/utils/kindOfTest.js
2025-11-21 18:15:40,270 - Knowledge - INFO - Worker kw13 processing /Users/veera/Documents/kavia-backend/graphnode-backend-api/data/rdk7542/223437/b3548da/axios-223437/index.d.ts
2025-11-21 18:15:40,271 - Knowledge - INFO - Fast-tracked /Users/veera/Documents/kavia-backend/graphnode-backend-api/data/rdk7542/223437/b3548da/axios-223437/test/manual/fixture.json (ext=.json, size=21)
2025-11-21 18:15:40,271 - Knowledge - INFO - Fast-tracked /Users/veera/Documents/kavia-backend/graphnode-backend-api/data/rdk7542/223437/b3548da/axios-223437/lib/helpers/bind.js (ext=.js, size=137)
2025-11-21 18:15:40,277 - Knowledge - INFO - Worker kw6 processing /Users/veera/Documents/kavia-backend/graphnode-backend-api/data/rdk7542/223437/b3548da/axios-223437/sandbox/client.html
2025-11-21 18:15:40,277 - Knowledge - INFO - Worker kw4 processing /Users/veera/Documents/kavia-backend/graphnode-backend-api/data/rdk7542/223437/b3548da/axios-223437/test/specs/helpers/bind.spec.js
2025-11-21 18:15:40,277 - Knowledge - INFO - Fast-tracked /Users/veera/Documents/kavia-backend/graphnode-backend-api/data/rdk7542/223437/b3548da/axios-223437/examples/README.md (ext=.md, size=209)
2025-11-21 18:15:40,277 - Knowledge - INFO - Worker kw11 processing /Users/veera/Documents/kavia-backend/graphnode-backend-api/data/rdk7542/223437/b3548da/axios-223437/lib/helpers/isURLSameOrigin.js
2025-11-21 18:15:40,283 - Knowledge - INFO - Worker kw8 processing /Users/veera/Documents/kavia-backend/graphnode-backend-api/data/rdk7542/223437/b3548da/axios-223437/lib/core/settle.js
2025-11-21 18:15:40,295 - Knowledge - INFO - Worker kw3 processing /Users/veera/Documents/kavia-backend/graphnode-backend-api/data/rdk7542/223437/b3548da/axios-223437/test/specs/requests.spec.js
2025-11-21 18:15:40,296 - Knowledge - INFO - Worker kw10 processing /Users/veera/Documents/kavia-backend/graphnode-backend-api/data/rdk7542/223437/b3548da/axios-223437/lib/defaults/transitional.js
2025-11-21 18:15:40,296 - Knowledge - INFO - Fast-tracked /Users/veera/Documents/kavia-backend/graphnode-backend-api/data/rdk7542/223437/b3548da/axios-223437/test/specs/utils/kindOfTest.js (ext=.js, size=295)
2025-11-21 18:15:40,296 - Knowledge - INFO - Worker kw5 processing /Users/veera/Documents/kavia-backend/graphnode-backend-api/data/rdk7542/223437/b3548da/axios-223437/test/manual/promise.js
2025-11-21 18:15:40,296 - Knowledge - INFO - Fast-tracked /Users/veera/Documents/kavia-backend/graphnode-backend-api/data/rdk7542/223437/b3548da/axios-223437/lib/platform/browser/classes/URLSearchParams.js (ext=.js, size=191)
2025-11-21 18:15:40,296 - Knowledge - INFO - Worker kw12 processing /Users/veera/Documents/kavia-backend/graphnode-backend-api/data/rdk7542/223437/b3548da/axios-223437/lib/helpers/spread.js
2025-11-21 18:15:40,296 - Knowledge - INFO - Worker kw13 processing /Users/veera/Documents/kavia-backend/graphnode-backend-api/data/rdk7542/223437/b3548da/axios-223437/SECURITY.md
2025-11-21 18:15:40,297 - Knowledge - INFO - Worker kw6 processing /Users/veera/Documents/kavia-backend/graphnode-backend-api/data/rdk7542/223437/b3548da/axios-223437/sandbox/server.js
2025-11-21 18:15:40,297 - Knowledge - INFO - Fast-tracked /Users/veera/Documents/kavia-backend/graphnode-backend-api/data/rdk7542/223437/b3548da/axios-223437/test/specs/helpers/bind.spec.js (ext=.js, size=281)
2025-11-21 18:15:40,300 - Knowledge - INFO - Fast-tracked /Users/veera/Documents/kavia-backend/graphnode-backend-api/data/rdk7542/223437/b3548da/axios-223437/lib/core/settle.js (ext=.js, size=799)
2025-11-21 18:15:40,301 - Knowledge - INFO - Worker kw11 processing /Users/veera/Documents/kavia-backend/graphnode-backend-api/data/rdk7542/223437/b3548da/axios-223437/lib/helpers/isAbsoluteURL.js
2025-11-21 18:15:40,303 - Knowledge - INFO - Fast-tracked /Users/veera/Documents/kavia-backend/graphnode-backend-api/data/rdk7542/223437/b3548da/axios-223437/test/specs/requests.spec.js (ext=.js, size=13720)
2025-11-21 18:15:40,303 - Knowledge - INFO - Fast-tracked /Users/veera/Documents/kavia-backend/graphnode-backend-api/data/rdk7542/223437/b3548da/axios-223437/lib/defaults/transitional.js (ext=.js, size=120)
2025-11-21 18:15:40,304 - Knowledge - INFO - Fast-tracked /Users/veera/Documents/kavia-backend/graphnode-backend-api/data/rdk7542/223437/b3548da/axios-223437/test/manual/promise.js (ext=.js, size=17952)
2025-11-21 18:15:40,304 - Knowledge - INFO - Fast-tracked /Users/veera/Documents/kavia-backend/graphnode-backend-api/data/rdk7542/223437/b3548da/axios-223437/lib/helpers/spread.js (ext=.js, size=564)
2025-11-21 18:15:40,304 - Knowledge - INFO - Worker kw4 processing /Users/veera/Documents/kavia-backend/graphnode-backend-api/data/rdk7542/223437/b3548da/axios-223437/test/specs/helpers/combineURLs.spec.js
2025-11-21 18:15:40,304 - Knowledge - INFO - Fast-tracked /Users/veera/Documents/kavia-backend/graphnode-backend-api/data/rdk7542/223437/b3548da/axios-223437/SECURITY.md (ext=.md, size=335)
2025-11-21 18:15:40,304 - Knowledge - INFO - Fast-tracked /Users/veera/Documents/kavia-backend/graphnode-backend-api/data/rdk7542/223437/b3548da/axios-223437/lib/core/AxiosError.js (small file (2466 bytes))
2025-11-21 18:15:40,304 - Knowledge - INFO - Fast-tracked /Users/veera/Documents/kavia-backend/graphnode-backend-api/data/rdk7542/223437/b3548da/axios-223437/sandbox/server.js (ext=.js, size=1924)
2025-11-21 18:15:40,305 - Knowledge - INFO - Fast-tracked /Users/veera/Documents/kavia-backend/graphnode-backend-api/data/rdk7542/223437/b3548da/axios-223437/lib/helpers/isAbsoluteURL.js (ext=.js, size=561)
2025-11-21 18:15:40,305 - Knowledge - INFO - Worker kw10 processing /Users/veera/Documents/kavia-backend/graphnode-backend-api/data/rdk7542/223437/b3548da/axios-223437/lib/defaults/index.js
2025-11-21 18:15:40,305 - Knowledge - INFO - Worker kw5 processing /Users/veera/Documents/kavia-backend/graphnode-backend-api/data/rdk7542/223437/b3548da/axios-223437/test/manual/cors.html
2025-11-21 18:15:40,305 - Knowledge - INFO - Worker kw12 processing /Users/veera/Documents/kavia-backend/graphnode-backend-api/data/rdk7542/223437/b3548da/axios-223437/lib/helpers/toURLEncodedForm.js
2025-11-21 18:15:40,306 - Knowledge - INFO - Fast-tracked /Users/veera/Documents/kavia-backend/graphnode-backend-api/data/rdk7542/223437/b3548da/axios-223437/test/specs/helpers/combineURLs.spec.js (ext=.js, size=932)
2025-11-21 18:15:40,310 - Knowledge - INFO - Worker kw6 processing /Users/veera/Documents/kavia-backend/graphnode-backend-api/data/rdk7542/223437/b3548da/axios-223437/tslint.json
2025-11-21 18:15:40,311 - Knowledge - INFO - Worker kw11 processing /Users/veera/Documents/kavia-backend/graphnode-backend-api/data/rdk7542/223437/b3548da/axios-223437/lib/helpers/AxiosURLSearchParams.js
2025-11-21 18:15:40,314 - Knowledge - INFO - Fast-tracked /Users/veera/Documents/kavia-backend/graphnode-backend-api/data/rdk7542/223437/b3548da/axios-223437/test/manual/cors.html (ext=.html, size=499)
2025-11-21 18:15:40,329 - Knowledge - INFO - Fast-tracked /Users/veera/Documents/kavia-backend/graphnode-backend-api/data/rdk7542/223437/b3548da/axios-223437/lib/cancel/CancelToken.js (small file (2512 bytes))
2025-11-21 18:15:40,329 - Knowledge - INFO - Fast-tracked /Users/veera/Documents/kavia-backend/graphnode-backend-api/data/rdk7542/223437/b3548da/axios-223437/lib/helpers/toURLEncodedForm.js (ext=.js, size=546)
2025-11-21 18:15:40,386 - Knowledge - INFO - Fast-tracked /Users/veera/Documents/kavia-backend/graphnode-backend-api/data/rdk7542/223437/b3548da/axios-223437/lib/core/dispatchRequest.js (small file (2381 bytes))
2025-11-21 18:15:40,423 - Knowledge - INFO - Fast-tracked /Users/veera/Documents/kavia-backend/graphnode-backend-api/data/rdk7542/223437/b3548da/axios-223437/tslint.json (ext=.json, size=96)
2025-11-21 18:15:40,429 - Knowledge - INFO - Fast-tracked /Users/veera/Documents/kavia-backend/graphnode-backend-api/data/rdk7542/223437/b3548da/axios-223437/lib/helpers/AxiosURLSearchParams.js (ext=.js, size=921)
2025-11-21 18:15:40,475 - Knowledge - INFO - Worker kw12 processing /Users/veera/Documents/kavia-backend/graphnode-backend-api/data/rdk7542/223437/b3548da/axios-223437/lib/helpers/normalizeHeaderName.js
2025-11-21 18:15:40,559 - Knowledge - INFO - Fast-tracked /Users/veera/Documents/kavia-backend/graphnode-backend-api/data/rdk7542/223437/b3548da/axios-223437/lib/helpers/normalizeHeaderName.js (ext=.js, size=357)
2025-11-21 18:15:40,616 - Knowledge - INFO - Fast-tracked /Users/veera/Documents/kavia-backend/graphnode-backend-api/data/rdk7542/223437/b3548da/axios-223437/lib/helpers/isURLSameOrigin.js (small file (2329 bytes))
2025-11-21 18:15:40,656 - Knowledge - INFO - Fast-tracked /Users/veera/Documents/kavia-backend/graphnode-backend-api/data/rdk7542/223437/b3548da/axios-223437/lib/helpers/validator.js (small file (2555 bytes))
2025-11-21 18:15:41,023 - Knowledge - INFO - Processing batch of 12 files
2025-11-21 18:15:41,024 - Knowledge - INFO - process ingested knowledge for /Users/veera/Documents/kavia-backend/graphnode-backend-api/data/rdk7542/223437/b3548da/axios-223437/test/specs/xsrf.spec.js
2025-11-21 18:15:41,025 - Knowledge - INFO - Processing batch of 12 files
2025-11-21 18:15:41,025 - Knowledge - INFO - process ingested knowledge for /Users/veera/Documents/kavia-backend/graphnode-backend-api/data/rdk7542/223437/b3548da/axios-223437/Gruntfile.js
2025-11-21 18:15:41,028 - Knowledge - INFO - process ingested knowledge for /Users/veera/Documents/kavia-backend/graphnode-backend-api/data/rdk7542/223437/b3548da/axios-223437/test/specs/core/transformData.spec.js
2025-11-21 18:15:41,040 - Knowledge - INFO - Processing batch of 12 files
2025-11-21 18:15:41,040 - Knowledge - INFO - process ingested knowledge for /Users/veera/Documents/kavia-backend/graphnode-backend-api/data/rdk7542/223437/b3548da/axios-223437/test/specs/utils/trim.spec.js
2025-11-21 18:15:41,042 - Knowledge - INFO - process ingested knowledge for /Users/veera/Documents/kavia-backend/graphnode-backend-api/data/rdk7542/223437/b3548da/axios-223437/CODE_OF_CONDUCT.md
2025-11-21 18:15:41,043 - Knowledge - INFO - process ingested knowledge for /Users/veera/Documents/kavia-backend/graphnode-backend-api/data/rdk7542/223437/b3548da/axios-223437/test/specs/utils/toArray.js
2025-11-21 18:15:41,047 - Knowledge - INFO - process ingested knowledge for /Users/veera/Documents/kavia-backend/graphnode-backend-api/data/rdk7542/223437/b3548da/axios-223437/test/specs/core/buildFullPath.spec.js
2025-11-21 18:15:41,048 - Knowledge - INFO - process ingested knowledge for /Users/veera/Documents/kavia-backend/graphnode-backend-api/data/rdk7542/223437/b3548da/axios-223437/test/unit/utils/isFormData.js
2025-11-21 18:15:41,049 - Knowledge - INFO - process ingested knowledge for /Users/veera/Documents/kavia-backend/graphnode-backend-api/data/rdk7542/223437/b3548da/axios-223437/test/specs/core/mergeConfig.spec.js
2025-11-21 18:15:41,053 - Knowledge - INFO - process ingested knowledge for /Users/veera/Documents/kavia-backend/graphnode-backend-api/data/rdk7542/223437/b3548da/axios-223437/test/specs/utils/extend.spec.js
2025-11-21 18:15:41,054 - Knowledge - INFO - process ingested knowledge for /Users/veera/Documents/kavia-backend/graphnode-backend-api/data/rdk7542/223437/b3548da/axios-223437/test/unit/adapters/http.js
2025-11-21 18:15:41,055 - Knowledge - INFO - process ingested knowledge for /Users/veera/Documents/kavia-backend/graphnode-backend-api/data/rdk7542/223437/b3548da/axios-223437/test/specs/core/AxiosError.spec.js
2025-11-21 18:15:41,056 - Knowledge - INFO - process ingested knowledge for /Users/veera/Documents/kavia-backend/graphnode-backend-api/data/rdk7542/223437/b3548da/axios-223437/test/unit/defaults/transformReponse.js
2025-11-21 18:15:41,057 - Knowledge - INFO - process ingested knowledge for /Users/veera/Documents/kavia-backend/graphnode-backend-api/data/rdk7542/223437/b3548da/axios-223437/test/unit/regression/SNYK-JS-AXIOS-1038255.js
2025-11-21 18:15:41,057 - Knowledge - INFO - process ingested knowledge for /Users/veera/Documents/kavia-backend/graphnode-backend-api/data/rdk7542/223437/b3548da/axios-223437/test/specs/core/settle.spec.js
2025-11-21 18:15:41,058 - Knowledge - INFO - process ingested knowledge for /Users/veera/Documents/kavia-backend/graphnode-backend-api/data/rdk7542/223437/b3548da/axios-223437/test/specs/utils/merge.spec.js
2025-11-21 18:15:41,058 - Knowledge - INFO - process ingested knowledge for /Users/veera/Documents/kavia-backend/graphnode-backend-api/data/rdk7542/223437/b3548da/axios-223437/test/specs/options.spec.js
2025-11-21 18:15:41,058 - Knowledge - INFO - process ingested knowledge for /Users/veera/Documents/kavia-backend/graphnode-backend-api/data/rdk7542/223437/b3548da/axios-223437/test/specs/formdata.spec.js
2025-11-21 18:15:41,083 - Knowledge - INFO - process ingested knowledge for /Users/veera/Documents/kavia-backend/graphnode-backend-api/data/rdk7542/223437/b3548da/axios-223437/test/specs/promise.spec.js
2025-11-21 18:15:41,084 - Knowledge - INFO - process ingested knowledge for /Users/veera/Documents/kavia-backend/graphnode-backend-api/data/rdk7542/223437/b3548da/axios-223437/test/specs/api.spec.js
2025-11-21 18:15:41,084 - Knowledge - INFO - process ingested knowledge for /Users/veera/Documents/kavia-backend/graphnode-backend-api/data/rdk7542/223437/b3548da/axios-223437/test/unit/helpers/parseProtocol.js
2025-11-21 18:15:41,086 - Knowledge - INFO - process ingested knowledge for /Users/veera/Documents/kavia-backend/graphnode-backend-api/data/rdk7542/223437/b3548da/axios-223437/test/specs/utils/forEach.spec.js
2025-11-21 18:15:41,087 - Knowledge - INFO - Processing batch of 12 files
2025-11-21 18:15:41,087 - Knowledge - INFO - process ingested knowledge for /Users/veera/Documents/kavia-backend/graphnode-backend-api/data/rdk7542/223437/b3548da/axios-223437/test/specs/helpers/toFormData.spec.js
2025-11-21 18:15:41,087 - Knowledge - INFO - process ingested knowledge for /Users/veera/Documents/kavia-backend/graphnode-backend-api/data/rdk7542/223437/b3548da/axios-223437/test/specs/cancel.spec.js
2025-11-21 18:15:41,087 - Knowledge - INFO - process ingested knowledge for /Users/veera/Documents/kavia-backend/graphnode-backend-api/data/rdk7542/223437/b3548da/axios-223437/test/specs/utils/toFlatObject.js
2025-11-21 18:15:41,087 - Knowledge - INFO - process ingested knowledge for /Users/veera/Documents/kavia-backend/graphnode-backend-api/data/rdk7542/223437/b3548da/axios-223437/test/specs/helpers/normalizeHeaderName.spec.js
2025-11-21 18:15:41,088 - Knowledge - INFO - process ingested knowledge for /Users/veera/Documents/kavia-backend/graphnode-backend-api/data/rdk7542/223437/b3548da/axios-223437/test/unit/helpers/fromDataURI.js
2025-11-21 18:15:41,088 - Knowledge - INFO - process ingested knowledge for /Users/veera/Documents/kavia-backend/graphnode-backend-api/data/rdk7542/223437/b3548da/axios-223437/test/specs/helpers/formDataToJSON.spec.js
2025-11-21 18:15:41,088 - Knowledge - INFO - process ingested knowledge for /Users/veera/Documents/kavia-backend/graphnode-backend-api/data/rdk7542/223437/b3548da/axios-223437/test/specs/cancel/isCancel.spec.js
2025-11-21 18:15:41,089 - Knowledge - INFO - process ingested knowledge for /Users/veera/Documents/kavia-backend/graphnode-backend-api/data/rdk7542/223437/b3548da/axios-223437/test/specs/defaults.spec.js
2025-11-21 18:15:41,089 - Knowledge - INFO - process ingested knowledge for /Users/veera/Documents/kavia-backend/graphnode-backend-api/data/rdk7542/223437/b3548da/axios-223437/test/specs/utils/kindOfTest.js
2025-11-21 18:15:41,090 - Knowledge - INFO - process ingested knowledge for /Users/veera/Documents/kavia-backend/graphnode-backend-api/data/rdk7542/223437/b3548da/axios-223437/test/specs/utils/endsWith.js
2025-11-21 18:15:41,091 - Knowledge - INFO - process ingested knowledge for /Users/veera/Documents/kavia-backend/graphnode-backend-api/data/rdk7542/223437/b3548da/axios-223437/test/specs/basicAuth.spec.js
2025-11-21 18:15:41,145 - Knowledge - INFO - process ingested knowledge for /Users/veera/Documents/kavia-backend/graphnode-backend-api/data/rdk7542/223437/b3548da/axios-223437/test/specs/utils/kindOf.js
2025-11-21 18:15:41,149 - Knowledge - INFO - process ingested knowledge for /Users/veera/Documents/kavia-backend/graphnode-backend-api/data/rdk7542/223437/b3548da/axios-223437/test/specs/cancel/CanceledError.spec.js
2025-11-21 18:15:41,150 - Knowledge - INFO - process ingested knowledge for /Users/veera/Documents/kavia-backend/graphnode-backend-api/data/rdk7542/223437/b3548da/axios-223437/test/specs/adapter.spec.js
2025-11-21 18:15:41,150 - Knowledge - INFO - process ingested knowledge for /Users/veera/Documents/kavia-backend/graphnode-backend-api/data/rdk7542/223437/b3548da/axios-223437/test/specs/utils/isX.spec.js
2025-11-21 18:15:41,150 - Knowledge - INFO - process ingested knowledge for /Users/veera/Documents/kavia-backend/graphnode-backend-api/data/rdk7542/223437/b3548da/axios-223437/test/specs/cancel/CancelToken.spec.js
2025-11-21 18:15:41,152 - Knowledge - INFO - process ingested knowledge for /Users/veera/Documents/kavia-backend/graphnode-backend-api/data/rdk7542/223437/b3548da/axios-223437/test/specs/instance.spec.js
2025-11-21 18:15:41,181 - Knowledge - INFO - process ingested knowledge for /Users/veera/Documents/kavia-backend/graphnode-backend-api/data/rdk7542/223437/b3548da/axios-223437/test/specs/headers.spec.js
2025-11-21 18:15:41,183 - Knowledge - INFO - process ingested knowledge for /Users/veera/Documents/kavia-backend/graphnode-backend-api/data/rdk7542/223437/b3548da/axios-223437/test/specs/progress.spec.js
2025-11-21 18:15:41,245 - Knowledge - INFO - process ingested knowledge for /Users/veera/Documents/kavia-backend/graphnode-backend-api/data/rdk7542/223437/b3548da/axios-223437/test/typescript/axios.ts
2025-11-21 18:15:41,280 - Knowledge - INFO - process ingested knowledge for /Users/veera/Documents/kavia-backend/graphnode-backend-api/data/rdk7542/223437/b3548da/axios-223437/test/specs/__helpers.js
2025-11-21 18:15:41,285 - Knowledge - INFO - process ingested knowledge for /Users/veera/Documents/kavia-backend/graphnode-backend-api/data/rdk7542/223437/b3548da/axios-223437/test/manual/basic.html
2025-11-21 18:15:41,286 - Knowledge - INFO - process ingested knowledge for /Users/veera/Documents/kavia-backend/graphnode-backend-api/data/rdk7542/223437/b3548da/axios-223437/test/specs/requests.spec.js
2025-11-21 18:15:41,297 - Knowledge - INFO - Processing batch of 12 files
2025-11-21 18:15:41,297 - Knowledge - INFO - process ingested knowledge for /Users/veera/Documents/kavia-backend/graphnode-backend-api/data/rdk7542/223437/b3548da/axios-223437/test/specs/interceptors.spec.js
2025-11-21 18:15:41,326 - Knowledge - INFO - process ingested knowledge for /Users/veera/Documents/kavia-backend/graphnode-backend-api/data/rdk7542/223437/b3548da/axios-223437/test/manual/fixture.json
2025-11-21 18:15:41,434 - Knowledge - INFO - process ingested knowledge for /Users/veera/Documents/kavia-backend/graphnode-backend-api/data/rdk7542/223437/b3548da/axios-223437/test/manual/promise.js
2025-11-21 18:15:41,436 - Knowledge - INFO - process ingested knowledge for /Users/veera/Documents/kavia-backend/graphnode-backend-api/data/rdk7542/223437/b3548da/axios-223437/test/manual/cors.html
2025-11-21 18:15:41,733 - Knowledge - INFO - process ingested knowledge for /Users/veera/Documents/kavia-backend/graphnode-backend-api/data/rdk7542/223437/b3548da/axios-223437/test/specs/transform.spec.js
2025-11-21 18:15:42,073 - Knowledge - INFO - process ingested knowledge for /Users/veera/Documents/kavia-backend/graphnode-backend-api/data/rdk7542/223437/b3548da/axios-223437/test/specs/helpers/buildURL.spec.js
2025-11-21 18:15:42,249 - Knowledge - INFO - process ingested knowledge for /Users/veera/Documents/kavia-backend/graphnode-backend-api/data/rdk7542/223437/b3548da/axios-223437/test/specs/helpers/validator.spec.js
2025-11-21 18:15:42,254 - Knowledge - INFO - process ingested knowledge for /Users/veera/Documents/kavia-backend/graphnode-backend-api/data/rdk7542/223437/b3548da/axios-223437/test/specs/helpers/parseHeaders.spec.js
2025-11-21 18:15:42,766 - Knowledge - INFO - process ingested knowledge for /Users/veera/Documents/kavia-backend/graphnode-backend-api/data/rdk7542/223437/b3548da/axios-223437/test/specs/helpers/cookies.spec.js
2025-11-21 18:15:42,794 - Knowledge - INFO - [LLM_CALL] Completed: index.html:chunk1, Duration: 2489ms, PromptTokens: 2776, CompletionTokens: 59, Cost: $0.00030
2025-11-21 18:15:42,795 - Knowledge - INFO - done ingest for /Users/veera/Documents/kavia-backend/graphnode-backend-api/data/rdk7542/223437/b3548da/axios-223437/examples/postMultipartFormData/index.html
2025-11-21 18:15:42,850 - Knowledge - INFO - [LLM_CALL] Completed: client.html:chunk1, Duration: 2304ms, PromptTokens: 3494, CompletionTokens: 59, Cost: $0.00037
2025-11-21 18:15:42,853 - Knowledge - INFO - done ingest for /Users/veera/Documents/kavia-backend/graphnode-backend-api/data/rdk7542/223437/b3548da/axios-223437/sandbox/client.html
2025-11-21 18:15:42,898 - Knowledge - INFO - process ingested knowledge for /Users/veera/Documents/kavia-backend/graphnode-backend-api/data/rdk7542/223437/b3548da/axios-223437/test/specs/helpers/isAbsoluteURL.spec.js
2025-11-21 18:15:43,097 - Knowledge - INFO - process ingested knowledge for /Users/veera/Documents/kavia-backend/graphnode-backend-api/data/rdk7542/223437/b3548da/axios-223437/test/specs/helpers/isURLSameOrigin.spec.js
2025-11-21 18:15:43,137 - Knowledge - INFO - process ingested knowledge for /Users/veera/Documents/kavia-backend/graphnode-backend-api/data/rdk7542/223437/b3548da/axios-223437/test/specs/helpers/spread.spec.js
2025-11-21 18:15:43,294 - Knowledge - INFO - process ingested knowledge for /Users/veera/Documents/kavia-backend/graphnode-backend-api/data/rdk7542/223437/b3548da/axios-223437/test/specs/helpers/isAxiosError.spec.js
2025-11-21 18:15:43,334 - Knowledge - INFO - process ingested knowledge for /Users/veera/Documents/kavia-backend/graphnode-backend-api/data/rdk7542/223437/b3548da/axios-223437/test/specs/helpers/bind.spec.js
2025-11-21 18:15:43,585 - Knowledge - INFO - [WEBSOCKET] Sent: Type=progress_update, Size: 270, Duration: 0ms
2025-11-21 18:15:43,587 - Knowledge - INFO - [WEBSOCKET] Sent: Type=unknown, Size: ?, Duration: 2ms
2025-11-21 18:15:43,589 - Knowledge - INFO - Progress: 47.5% | Files: 66/139 | Rate: 12.52 files/sec | Queue: 0
2025-11-21 18:15:43,675 - Knowledge - INFO - [LLM_CALL] Completed: karma.conf.js:chunk1, Duration: 3372ms, PromptTokens: 4354, CompletionTokens: 208, Cost: $0.00052
2025-11-21 18:15:43,677 - Knowledge - INFO - done ingest for /Users/veera/Documents/kavia-backend/graphnode-backend-api/data/rdk7542/223437/b3548da/axios-223437/karma.conf.js
2025-11-21 18:15:43,825 - Knowledge - INFO - process ingested knowledge for /Users/veera/Documents/kavia-backend/graphnode-backend-api/data/rdk7542/223437/b3548da/axios-223437/test/specs/helpers/combineURLs.spec.js
2025-11-21 18:15:44,899 - Knowledge - INFO - [LLM_CALL] Completed: mergeConfig.js:chunk1, Duration: 4386ms, PromptTokens: 2374, CompletionTokens: 355, Cost: $0.00038
2025-11-21 18:15:44,899 - Knowledge - INFO - done ingest for /Users/veera/Documents/kavia-backend/graphnode-backend-api/data/rdk7542/223437/b3548da/axios-223437/lib/core/mergeConfig.js
2025-11-21 18:15:45,383 - Knowledge - INFO - Processing batch of 12 files
2025-11-21 18:15:45,383 - Knowledge - INFO - process ingested knowledge for /Users/veera/Documents/kavia-backend/graphnode-backend-api/data/rdk7542/223437/b3548da/axios-223437/CHANGELOG.md
2025-11-21 18:15:45,396 - Knowledge - INFO - Processing batch of 10 files
2025-11-21 18:15:45,397 - Knowledge - INFO - process ingested knowledge for /Users/veera/Documents/kavia-backend/graphnode-backend-api/data/rdk7542/223437/b3548da/axios-223437/examples/amd/index.html
2025-11-21 18:15:45,486 - Knowledge - INFO - process ingested knowledge for /Users/veera/Documents/kavia-backend/graphnode-backend-api/data/rdk7542/223437/b3548da/axios-223437/index.js
2025-11-21 18:15:45,489 - Knowledge - INFO - process ingested knowledge for /Users/veera/Documents/kavia-backend/graphnode-backend-api/data/rdk7542/223437/b3548da/axios-223437/examples/postMultipartFormData/index.html
2025-11-21 18:15:45,511 - Knowledge - INFO - process ingested knowledge for /Users/veera/Documents/kavia-backend/graphnode-backend-api/data/rdk7542/223437/b3548da/axios-223437/webpack.config.js
2025-11-21 18:15:45,514 - Knowledge - INFO - process ingested knowledge for /Users/veera/Documents/kavia-backend/graphnode-backend-api/data/rdk7542/223437/b3548da/axios-223437/examples/postMultipartFormData/server.js
2025-11-21 18:15:45,598 - Knowledge - INFO - [LLM_CALL] Completed: toFormData.js:chunk1, Duration: 5013ms, PromptTokens: 3322, CompletionTokens: 516, Cost: $0.00054
2025-11-21 18:15:45,600 - Knowledge - INFO - done ingest for /Users/veera/Documents/kavia-backend/graphnode-backend-api/data/rdk7542/223437/b3548da/axios-223437/lib/helpers/toFormData.js
2025-11-21 18:15:45,744 - Knowledge - INFO - [LLM_CALL] Completed: server.js:chunk1, Duration: 5412ms, PromptTokens: 2684, CompletionTokens: 494, Cost: $0.00047
2025-11-21 18:15:45,748 - Knowledge - INFO - done ingest for /Users/veera/Documents/kavia-backend/graphnode-backend-api/data/rdk7542/223437/b3548da/axios-223437/examples/server.js
2025-11-21 18:15:45,772 - Knowledge - INFO - process ingested knowledge for /Users/veera/Documents/kavia-backend/graphnode-backend-api/data/rdk7542/223437/b3548da/axios-223437/bower.json
2025-11-21 18:15:45,790 - Knowledge - INFO - process ingested knowledge for /Users/veera/Documents/kavia-backend/graphnode-backend-api/data/rdk7542/223437/b3548da/axios-223437/ECOSYSTEM.md
2025-11-21 18:15:45,860 - Knowledge - INFO - process ingested knowledge for /Users/veera/Documents/kavia-backend/graphnode-backend-api/data/rdk7542/223437/b3548da/axios-223437/README.md
2025-11-21 18:15:45,863 - Knowledge - INFO - process ingested knowledge for /Users/veera/Documents/kavia-backend/graphnode-backend-api/data/rdk7542/223437/b3548da/axios-223437/examples/upload/index.html
2025-11-21 18:15:45,863 - Knowledge - INFO - process ingested knowledge for /Users/veera/Documents/kavia-backend/graphnode-backend-api/data/rdk7542/223437/b3548da/axios-223437/rollup.config.js
2025-11-21 18:15:45,863 - Knowledge - INFO - process ingested knowledge for /Users/veera/Documents/kavia-backend/graphnode-backend-api/data/rdk7542/223437/b3548da/axios-223437/package.json
2025-11-21 18:15:45,864 - Knowledge - INFO - process ingested knowledge for /Users/veera/Documents/kavia-backend/graphnode-backend-api/data/rdk7542/223437/b3548da/axios-223437/examples/upload/server.js
2025-11-21 18:15:45,945 - Knowledge - INFO - [LLM_CALL] Completed: Axios.js:chunk1, Duration: 5633ms, PromptTokens: 2824, CompletionTokens: 536, Cost: $0.00050
2025-11-21 18:15:45,946 - Knowledge - INFO - done ingest for /Users/veera/Documents/kavia-backend/graphnode-backend-api/data/rdk7542/223437/b3548da/axios-223437/lib/core/Axios.js
2025-11-21 18:15:45,964 - Knowledge - INFO - process ingested knowledge for /Users/veera/Documents/kavia-backend/graphnode-backend-api/data/rdk7542/223437/b3548da/axios-223437/sandbox/client.js
2025-11-21 18:15:45,971 - Knowledge - INFO - process ingested knowledge for /Users/veera/Documents/kavia-backend/graphnode-backend-api/data/rdk7542/223437/b3548da/axios-223437/lib/cancel/CancelToken.js
2025-11-21 18:15:45,974 - Knowledge - INFO - process ingested knowledge for /Users/veera/Documents/kavia-backend/graphnode-backend-api/data/rdk7542/223437/b3548da/axios-223437/sandbox/client.html
2025-11-21 18:15:45,975 - Knowledge - INFO - process ingested knowledge for /Users/veera/Documents/kavia-backend/graphnode-backend-api/data/rdk7542/223437/b3548da/axios-223437/lib/cancel/isCancel.js
2025-11-21 18:15:46,012 - Knowledge - INFO - process ingested knowledge for /Users/veera/Documents/kavia-backend/graphnode-backend-api/data/rdk7542/223437/b3548da/axios-223437/lib/cancel/CanceledError.js
2025-11-21 18:15:46,038 - Knowledge - INFO - process ingested knowledge for /Users/veera/Documents/kavia-backend/graphnode-backend-api/data/rdk7542/223437/b3548da/axios-223437/sandbox/server.js
2025-11-21 18:15:46,046 - Knowledge - INFO - process ingested knowledge for /Users/veera/Documents/kavia-backend/graphnode-backend-api/data/rdk7542/223437/b3548da/axios-223437/tslint.json
2025-11-21 18:15:46,091 - Knowledge - INFO - process ingested knowledge for /Users/veera/Documents/kavia-backend/graphnode-backend-api/data/rdk7542/223437/b3548da/axios-223437/lib/axios.js
2025-11-21 18:15:46,105 - Knowledge - INFO - process ingested knowledge for /Users/veera/Documents/kavia-backend/graphnode-backend-api/data/rdk7542/223437/b3548da/axios-223437/lib/core/settle.js
2025-11-21 18:15:46,483 - Knowledge - INFO - [LLM_CALL] Completed: http.js:chunk1, Duration: 6062ms, PromptTokens: 7638, CompletionTokens: 584, Cost: $0.00100
2025-11-21 18:15:46,483 - Knowledge - INFO - done ingest for /Users/veera/Documents/kavia-backend/graphnode-backend-api/data/rdk7542/223437/b3548da/axios-223437/lib/adapters/http.js
2025-11-21 18:15:46,945 - Knowledge - INFO - Processing batch of 10 files
2025-11-21 18:15:46,946 - Knowledge - INFO - process ingested knowledge for /Users/veera/Documents/kavia-backend/graphnode-backend-api/data/rdk7542/223437/b3548da/axios-223437/CONTRIBUTING.md
2025-11-21 18:15:46,987 - Knowledge - INFO - Processing batch of 10 files
2025-11-21 18:15:46,988 - Knowledge - INFO - process ingested knowledge for /Users/veera/Documents/kavia-backend/graphnode-backend-api/data/rdk7542/223437/b3548da/axios-223437/lib/helpers/isAxiosError.js
2025-11-21 18:15:47,110 - Knowledge - INFO - process ingested knowledge for /Users/veera/Documents/kavia-backend/graphnode-backend-api/data/rdk7542/223437/b3548da/axios-223437/karma.conf.js
2025-11-21 18:15:47,144 - Knowledge - INFO - process ingested knowledge for /Users/veera/Documents/kavia-backend/graphnode-backend-api/data/rdk7542/223437/b3548da/axios-223437/lib/helpers/toFormData.js
2025-11-21 18:15:47,250 - Knowledge - INFO - process ingested knowledge for /Users/veera/Documents/kavia-backend/graphnode-backend-api/data/rdk7542/223437/b3548da/axios-223437/lib/helpers/cookies.js
2025-11-21 18:15:47,261 - Knowledge - INFO - process ingested knowledge for /Users/veera/Documents/kavia-backend/graphnode-backend-api/data/rdk7542/223437/b3548da/axios-223437/examples/post/index.html
2025-11-21 18:15:47,263 - Knowledge - INFO - process ingested knowledge for /Users/veera/Documents/kavia-backend/graphnode-backend-api/data/rdk7542/223437/b3548da/axios-223437/lib/helpers/validator.js
2025-11-21 18:15:47,266 - Knowledge - INFO - process ingested knowledge for /Users/veera/Documents/kavia-backend/graphnode-backend-api/data/rdk7542/223437/b3548da/axios-223437/examples/post/server.js
2025-11-21 18:15:47,296 - Knowledge - INFO - process ingested knowledge for /Users/veera/Documents/kavia-backend/graphnode-backend-api/data/rdk7542/223437/b3548da/axios-223437/examples/server.js
2025-11-21 18:15:47,328 - Knowledge - INFO - process ingested knowledge for /Users/veera/Documents/kavia-backend/graphnode-backend-api/data/rdk7542/223437/b3548da/axios-223437/lib/helpers/README.md
2025-11-21 18:15:47,329 - Knowledge - INFO - process ingested knowledge for /Users/veera/Documents/kavia-backend/graphnode-backend-api/data/rdk7542/223437/b3548da/axios-223437/examples/transform-response/index.html
2025-11-21 18:15:47,345 - Knowledge - INFO - Processing batch of 10 files
2025-11-21 18:15:47,345 - Knowledge - INFO - process ingested knowledge for /Users/veera/Documents/kavia-backend/graphnode-backend-api/data/rdk7542/223437/b3548da/axios-223437/lib/core/AxiosError.js
2025-11-21 18:15:47,374 - Knowledge - INFO - process ingested knowledge for /Users/veera/Documents/kavia-backend/graphnode-backend-api/data/rdk7542/223437/b3548da/axios-223437/lib/helpers/formDataToJSON.js
2025-11-21 18:15:47,482 - Knowledge - INFO - process ingested knowledge for /Users/veera/Documents/kavia-backend/graphnode-backend-api/data/rdk7542/223437/b3548da/axios-223437/examples/all/index.html
2025-11-21 18:15:47,483 - Knowledge - INFO - process ingested knowledge for /Users/veera/Documents/kavia-backend/graphnode-backend-api/data/rdk7542/223437/b3548da/axios-223437/examples/get/index.html
2025-11-21 18:15:47,484 - Knowledge - INFO - process ingested knowledge for /Users/veera/Documents/kavia-backend/graphnode-backend-api/data/rdk7542/223437/b3548da/axios-223437/lib/core/Axios.js
2025-11-21 18:15:47,486 - Knowledge - INFO - process ingested knowledge for /Users/veera/Documents/kavia-backend/graphnode-backend-api/data/rdk7542/223437/b3548da/axios-223437/lib/core/InterceptorManager.js
2025-11-21 18:15:47,518 - Knowledge - INFO - process ingested knowledge for /Users/veera/Documents/kavia-backend/graphnode-backend-api/data/rdk7542/223437/b3548da/axios-223437/lib/helpers/bind.js
2025-11-21 18:15:47,518 - Knowledge - INFO - process ingested knowledge for /Users/veera/Documents/kavia-backend/graphnode-backend-api/data/rdk7542/223437/b3548da/axios-223437/examples/get/server.js
2025-11-21 18:15:47,519 - Knowledge - INFO - process ingested knowledge for /Users/veera/Documents/kavia-backend/graphnode-backend-api/data/rdk7542/223437/b3548da/axios-223437/lib/helpers/spread.js
2025-11-21 18:15:47,520 - Knowledge - INFO - process ingested knowledge for /Users/veera/Documents/kavia-backend/graphnode-backend-api/data/rdk7542/223437/b3548da/axios-223437/examples/README.md
2025-11-21 18:15:47,520 - Knowledge - INFO - [WEBSOCKET] Sent: Type=progress_update, Size: 272, Duration: 0ms
2025-11-21 18:15:47,520 - Knowledge - INFO - [WEBSOCKET] Sent: Type=unknown, Size: ?, Duration: 0ms
2025-11-21 18:15:47,520 - Knowledge - INFO - Progress: 80.6% | Files: 112/139 | Rate: 12.08 files/sec | Queue: 0
2025-11-21 18:15:47,521 - Knowledge - INFO - process ingested knowledge for /Users/veera/Documents/kavia-backend/graphnode-backend-api/data/rdk7542/223437/b3548da/axios-223437/lib/helpers/toURLEncodedForm.js
2025-11-21 18:15:47,521 - Knowledge - INFO - process ingested knowledge for /Users/veera/Documents/kavia-backend/graphnode-backend-api/data/rdk7542/223437/b3548da/axios-223437/lib/core/README.md
2025-11-21 18:15:47,521 - Knowledge - INFO - process ingested knowledge for /Users/veera/Documents/kavia-backend/graphnode-backend-api/data/rdk7542/223437/b3548da/axios-223437/lib/helpers/normalizeHeaderName.js
2025-11-21 18:15:47,522 - Knowledge - INFO - process ingested knowledge for /Users/veera/Documents/kavia-backend/graphnode-backend-api/data/rdk7542/223437/b3548da/axios-223437/lib/core/dispatchRequest.js
2025-11-21 18:15:47,789 - Knowledge - INFO - process ingested knowledge for /Users/veera/Documents/kavia-backend/graphnode-backend-api/data/rdk7542/223437/b3548da/axios-223437/lib/core/buildFullPath.js
2025-11-21 18:15:47,856 - Knowledge - INFO - process ingested knowledge for /Users/veera/Documents/kavia-backend/graphnode-backend-api/data/rdk7542/223437/b3548da/axios-223437/lib/core/transformData.js
2025-11-21 18:15:47,939 - Knowledge - INFO - [LLM_CALL] Completed: index.js:chunk1, Duration: 7451ms, PromptTokens: 3162, CompletionTokens: 544, Cost: $0.00053
2025-11-21 18:15:47,941 - Knowledge - INFO - done ingest for /Users/veera/Documents/kavia-backend/graphnode-backend-api/data/rdk7542/223437/b3548da/axios-223437/lib/defaults/index.js
2025-11-21 18:15:47,942 - Knowledge - INFO - process ingested knowledge for /Users/veera/Documents/kavia-backend/graphnode-backend-api/data/rdk7542/223437/b3548da/axios-223437/lib/core/mergeConfig.js
2025-11-21 18:15:47,976 - Knowledge - INFO - [LLM_CALL] Completed: index.d.ts:chunk1, Duration: 7665ms, PromptTokens: 6226, CompletionTokens: 745, Cost: $0.00092
2025-11-21 18:15:47,976 - Knowledge - INFO - done ingest for /Users/veera/Documents/kavia-backend/graphnode-backend-api/data/rdk7542/223437/b3548da/axios-223437/index.d.ts
2025-11-21 18:15:48,029 - Knowledge - INFO - process ingested knowledge for /Users/veera/Documents/kavia-backend/graphnode-backend-api/data/rdk7542/223437/b3548da/axios-223437/lib/platform/index.js
2025-11-21 18:15:48,239 - Knowledge - INFO - process ingested knowledge for /Users/veera/Documents/kavia-backend/graphnode-backend-api/data/rdk7542/223437/b3548da/axios-223437/lib/platform/browser/classes/URLSearchParams.js
2025-11-21 18:15:48,849 - Knowledge - INFO - Processing batch of 7 files
2025-11-21 18:15:48,851 - Knowledge - INFO - process ingested knowledge for /Users/veera/Documents/kavia-backend/graphnode-backend-api/data/rdk7542/223437/b3548da/axios-223437/lib/helpers/parseHeaders.js
2025-11-21 18:15:48,852 - Knowledge - INFO - process ingested knowledge for /Users/veera/Documents/kavia-backend/graphnode-backend-api/data/rdk7542/223437/b3548da/axios-223437/tsconfig.json
2025-11-21 18:15:48,907 - Knowledge - INFO - process ingested knowledge for /Users/veera/Documents/kavia-backend/graphnode-backend-api/data/rdk7542/223437/b3548da/axios-223437/UPGRADE_GUIDE.md
2025-11-21 18:15:48,907 - Knowledge - INFO - process ingested knowledge for /Users/veera/Documents/kavia-backend/graphnode-backend-api/data/rdk7542/223437/b3548da/axios-223437/COLLABORATOR_GUIDE.md
2025-11-21 18:15:48,908 - Knowledge - INFO - process ingested knowledge for /Users/veera/Documents/kavia-backend/graphnode-backend-api/data/rdk7542/223437/b3548da/axios-223437/COOKBOOK.md
2025-11-21 18:15:48,986 - Knowledge - INFO - process ingested knowledge for /Users/veera/Documents/kavia-backend/graphnode-backend-api/data/rdk7542/223437/b3548da/axios-223437/index.d.ts
2025-11-21 18:15:48,987 - Knowledge - INFO - process ingested knowledge for /Users/veera/Documents/kavia-backend/graphnode-backend-api/data/rdk7542/223437/b3548da/axios-223437/SECURITY.md
2025-11-21 18:15:51,887 - Knowledge - INFO - [LLM_CALL] Completed: utils.js:chunk1, Duration: 11327ms, PromptTokens: 7576, CompletionTokens: 1154, Cost: $0.00122
2025-11-21 18:15:51,887 - Knowledge - INFO - done ingest for /Users/veera/Documents/kavia-backend/graphnode-backend-api/data/rdk7542/223437/b3548da/axios-223437/lib/utils.js
2025-11-21 18:15:52,211 - Knowledge - INFO - Processing batch of 10 files
2025-11-21 18:15:52,211 - Knowledge - INFO - process ingested knowledge for /Users/veera/Documents/kavia-backend/graphnode-backend-api/data/rdk7542/223437/b3548da/axios-223437/lib/utils.js
2025-11-21 18:15:52,212 - Knowledge - INFO - process ingested knowledge for /Users/veera/Documents/kavia-backend/graphnode-backend-api/data/rdk7542/223437/b3548da/axios-223437/lib/helpers/combineURLs.js
2025-11-21 18:15:52,213 - Knowledge - INFO - process ingested knowledge for /Users/veera/Documents/kavia-backend/graphnode-backend-api/data/rdk7542/223437/b3548da/axios-223437/lib/helpers/parseProtocol.js
2025-11-21 18:15:52,213 - Knowledge - INFO - process ingested knowledge for /Users/veera/Documents/kavia-backend/graphnode-backend-api/data/rdk7542/223437/b3548da/axios-223437/lib/helpers/fromDataURI.js
2025-11-21 18:15:52,213 - Knowledge - INFO - process ingested knowledge for /Users/veera/Documents/kavia-backend/graphnode-backend-api/data/rdk7542/223437/b3548da/axios-223437/lib/helpers/deprecatedMethod.js
2025-11-21 18:15:52,214 - Knowledge - INFO - process ingested knowledge for /Users/veera/Documents/kavia-backend/graphnode-backend-api/data/rdk7542/223437/b3548da/axios-223437/lib/helpers/buildURL.js
2025-11-21 18:15:52,214 - Knowledge - INFO - process ingested knowledge for /Users/veera/Documents/kavia-backend/graphnode-backend-api/data/rdk7542/223437/b3548da/axios-223437/lib/helpers/null.js
2025-11-21 18:15:52,214 - Knowledge - INFO - process ingested knowledge for /Users/veera/Documents/kavia-backend/graphnode-backend-api/data/rdk7542/223437/b3548da/axios-223437/lib/helpers/isURLSameOrigin.js
2025-11-21 18:15:52,214 - Knowledge - INFO - process ingested knowledge for /Users/veera/Documents/kavia-backend/graphnode-backend-api/data/rdk7542/223437/b3548da/axios-223437/lib/helpers/isAbsoluteURL.js
2025-11-21 18:15:52,215 - Knowledge - INFO - process ingested knowledge for /Users/veera/Documents/kavia-backend/graphnode-backend-api/data/rdk7542/223437/b3548da/axios-223437/lib/helpers/AxiosURLSearchParams.js
2025-11-21 18:15:52,903 - Knowledge - INFO - [WEBSOCKET] Sent: Type=progress_update, Size: 272, Duration: 0ms
2025-11-21 18:15:52,903 - Knowledge - INFO - [WEBSOCKET] Sent: Type=unknown, Size: ?, Duration: 1ms
2025-11-21 18:15:52,903 - Knowledge - INFO - Progress: 92.8% | Files: 129/139 | Rate: 8.79 files/sec | Queue: 0
2025-11-21 18:15:56,861 - Knowledge - INFO - [LLM_CALL] Completed: xhr.js:chunk1, Duration: 16533ms, PromptTokens: 4028, CompletionTokens: 456, Cost: $0.00059
2025-11-21 18:15:56,862 - Knowledge - INFO - done ingest for /Users/veera/Documents/kavia-backend/graphnode-backend-api/data/rdk7542/223437/b3548da/axios-223437/lib/adapters/xhr.js
2025-11-21 18:15:57,039 - Knowledge - INFO - Processing batch of 10 files
2025-11-21 18:15:57,039 - Knowledge - INFO - process ingested knowledge for /Users/veera/Documents/kavia-backend/graphnode-backend-api/data/rdk7542/223437/b3548da/axios-223437/lib/platform/browser/classes/FormData.js
2025-11-21 18:15:57,039 - Knowledge - INFO - process ingested knowledge for /Users/veera/Documents/kavia-backend/graphnode-backend-api/data/rdk7542/223437/b3548da/axios-223437/lib/platform/browser/index.js
2025-11-21 18:15:57,040 - Knowledge - INFO - process ingested knowledge for /Users/veera/Documents/kavia-backend/graphnode-backend-api/data/rdk7542/223437/b3548da/axios-223437/lib/platform/node/classes/URLSearchParams.js
2025-11-21 18:15:57,040 - Knowledge - INFO - process ingested knowledge for /Users/veera/Documents/kavia-backend/graphnode-backend-api/data/rdk7542/223437/b3548da/axios-223437/lib/platform/node/classes/FormData.js
2025-11-21 18:15:57,040 - Knowledge - INFO - process ingested knowledge for /Users/veera/Documents/kavia-backend/graphnode-backend-api/data/rdk7542/223437/b3548da/axios-223437/lib/platform/node/index.js
2025-11-21 18:15:57,041 - Knowledge - INFO - process ingested knowledge for /Users/veera/Documents/kavia-backend/graphnode-backend-api/data/rdk7542/223437/b3548da/axios-223437/lib/adapters/README.md
2025-11-21 18:15:57,041 - Knowledge - INFO - process ingested knowledge for /Users/veera/Documents/kavia-backend/graphnode-backend-api/data/rdk7542/223437/b3548da/axios-223437/lib/adapters/xhr.js
2025-11-21 18:15:57,042 - Knowledge - INFO - process ingested knowledge for /Users/veera/Documents/kavia-backend/graphnode-backend-api/data/rdk7542/223437/b3548da/axios-223437/lib/adapters/http.js
2025-11-21 18:15:57,042 - Knowledge - INFO - process ingested knowledge for /Users/veera/Documents/kavia-backend/graphnode-backend-api/data/rdk7542/223437/b3548da/axios-223437/lib/defaults/transitional.js
2025-11-21 18:15:57,043 - Knowledge - INFO - process ingested knowledge for /Users/veera/Documents/kavia-backend/graphnode-backend-api/data/rdk7542/223437/b3548da/axios-223437/lib/defaults/index.js
2025-11-21 18:15:57,587 - Knowledge - INFO - [WEBSOCKET] Sent: Type=progress_update, Size: 272, Duration: 0ms
2025-11-21 18:15:57,588 - Knowledge - INFO - [WEBSOCKET] Sent: Type=unknown, Size: ?, Duration: 1ms
2025-11-21 18:15:57,588 - Knowledge - INFO - Progress: 100.0% | Files: 139/139 | Rate: 7.18 files/sec | Queue: 0
2025-11-21 18:15:57,588 - Knowledge - INFO - Knowledge creation complete
2025-11-21 18:15:57,588 - Knowledge - INFO - ==================================================
2025-11-21 18:15:57,588 - Knowledge - INFO - KNOWLEDGE GRAPH GENERATION PERFORMANCE SUMMARY
2025-11-21 18:15:57,589 - Knowledge - INFO - ==================================================
2025-11-21 18:15:57,589 - Knowledge - INFO - Total processing time: 19.34 seconds (0.32 minutes)
2025-11-21 18:15:57,589 - Knowledge - INFO - Files processed: 0
2025-11-21 18:15:57,589 - Knowledge - INFO - Processing rate: 0.00 files/second
2025-11-21 18:15:57,589 - Knowledge - INFO - 
[TIME_BREAKDOWN]
2025-11-21 18:15:57,589 - Knowledge - INFO - File Reading: 0.00s (0.0%)
2025-11-21 18:15:57,589 - Knowledge - INFO - LLM Processing: 77.65s (401.5%)
2025-11-21 18:15:57,589 - Knowledge - INFO - MongoDB Operations: 0.00s (0.0%)
2025-11-21 18:15:57,589 - Knowledge - INFO - Redis Operations: 0.00s (0.0%)
2025-11-21 18:15:57,589 - Knowledge - INFO - WebSocket Communication: 0.00s (0.0%)
2025-11-21 18:15:57,589 - Knowledge - INFO - 
[LLM_STATS]
2025-11-21 18:15:57,589 - Knowledge - INFO - Total LLM calls: 12
2025-11-21 18:15:57,589 - Knowledge - INFO - Average LLM response time: 6471ms
2025-11-21 18:15:57,589 - Knowledge - INFO - Average prompt tokens: 4204.8
2025-11-21 18:15:57,589 - Knowledge - INFO - Average completion tokens: 475.8
2025-11-21 18:15:57,589 - Knowledge - INFO - Total prompt tokens: 50458
2025-11-21 18:15:57,589 - Knowledge - INFO - Total completion tokens: 5710
2025-11-21 18:15:57,589 - Knowledge - INFO - Total LLM cost: $0.0073
2025-11-21 18:15:57,589 - Knowledge - INFO - 
[DATABASE_STATS]
2025-11-21 18:15:57,589 - Knowledge - INFO - MongoDB operations: 0
2025-11-21 18:15:57,589 - Knowledge - INFO - Redis operations: 0
2025-11-21 18:15:57,589 - Knowledge - INFO - 
[COMMUNICATION_STATS]
2025-11-21 18:15:57,589 - Knowledge - INFO - WebSocket messages sent: 8
2025-11-21 18:15:57,590 - Knowledge - INFO - Average message size: 135.8 bytes
2025-11-21 18:15:57,590 - Knowledge - INFO - 
[WORKER_STATS]
2025-11-21 18:15:57,590 - Knowledge - INFO - 
[FILE_TYPE_STATS]
2025-11-21 18:15:57,590 - Knowledge - INFO - 
[SLOWEST_FILES]
2025-11-21 18:15:57,590 - Knowledge - INFO - ==================================================
2025-11-21 18:15:57,590 - Knowledge - INFO - ==================================================
2025-11-21 18:15:57,590 - Knowledge - INFO - KNOWLEDGE GRAPH GENERATION PERFORMANCE SUMMARY
2025-11-21 18:15:57,590 - Knowledge - INFO - ==================================================
2025-11-21 18:15:57,590 - Knowledge - INFO - Total processing time: 19.37 seconds (0.32 minutes)
2025-11-21 18:15:57,590 - Knowledge - INFO - Files processed: 139 of 139
2025-11-21 18:15:57,590 - Knowledge - INFO - Processing rate: 7.18 files/second
2025-11-21 18:15:57,590 - Knowledge - INFO - WebSocket messages sent: 4
2025-11-21 18:15:57,590 - Knowledge - INFO - MongoDB operations: 139
2025-11-21 18:15:57,590 - Knowledge - INFO - Average MongoDB ops per file: 1.00
2025-11-21 18:15:57,590 - Knowledge - INFO - LLM costs: $0.0073
2025-11-21 18:15:57,590 - Knowledge - INFO - Prompt tokens: 50458
2025-11-21 18:15:57,590 - Knowledge - INFO - Completion tokens: 5710
2025-11-21 18:15:57,590 - Knowledge - INFO - Updating org costs, total cost: 0.0073298
2025-11-21 18:16:15,834 - Knowledge - INFO - [WEBSOCKET] Sent: Type=progress_update, Size: 269, Duration: 0ms
2025-11-21 18:16:15,837 - Knowledge - INFO - Saving knowledge to Redis...
2025-11-21 18:16:15,869 - Knowledge - INFO - Knowledge saved to Redis successfully
